timestamp,temperature_c,humidity
2024-01-01 00:00:00,14.27,79.3
2024-01-01 01:00:00,10.4,79.6
2024-01-01 02:00:00,11.49,82.1
2024-01-01 03:00:00,10.66,77.9
2024-01-01 04:00:00,10.97,81.0
2024-01-01 05:00:00,11.81,81.3
2024-01-01 06:00:00,11.84,78.8
2024-01-01 07:00:00,14.36,76.0
2024-01-01 08:00:00,15.67,69.2
2024-01-01 09:00:00,19.99,65.0
2024-01-01 10:00:00,19.95,67.5
2024-01-01 11:00:00,21.29,61.4
2024-01-01 12:00:00,22.78,60.2
2024-01-01 13:00:00,23.66,68.7
2024-01-01 14:00:00,24.13,61.5
2024-01-01 15:00:00,24.77,57.3
2024-01-01 16:00:00,25.05,56.2
2024-01-01 17:00:00,23.92,65.2
2024-01-01 18:00:00,23.52,53.2
2024-01-01 19:00:00,21.38,63.7
2024-01-01 20:00:00,19.83,68.9
2024-01-01 21:00:00,18.93,66.6
2024-01-01 22:00:00,16.52,73.5
2024-01-01 23:00:00,14.2,72.2
2024-01-02 00:00:00,12.94,77.2
2024-01-02 01:00:00,12.26,78.4
2024-01-02 02:00:00,12.4,78.1
2024-01-02 03:00:00,10.84,80.8
2024-01-02 04:00:00,11.09,80.1
2024-01-02 05:00:00,12.54,81.2
2024-01-02 06:00:00,12.52,77.1
2024-01-02 07:00:00,14.32,73.4
2024-01-02 08:00:00,16.72,70.7
2024-01-02 09:00:00,18.35,68.2
2024-01-02 10:00:00,19.87,62.2
2024-01-02 11:00:00,21.9,58.0
2024-01-02 12:00:00,21.25,60.7
2024-01-02 13:00:00,24.67,60.4
2024-01-02 14:00:00,24.19,58.3
2024-01-02 15:00:00,24.0,59.4
2024-01-02 16:00:00,24.93,67.8
2024-01-02 17:00:00,24.48,63.3
2024-01-02 18:00:00,22.68,61.9
2024-01-02 19:00:00,20.85,63.4
2024-01-02 20:00:00,19.83,71.0
2024-01-02 21:00:00,17.97,67.3
2024-01-02 22:00:00,17.03,74.8
2024-01-02 23:00:00,14.95,75.9
2024-01-03 00:00:00,13.17,81.0
2024-01-03 01:00:00,12.6,75.5
2024-01-03 02:00:00,11.12,82.6
2024-01-03 03:00:00,10.44,75.5
2024-01-03 04:00:00,11.59,78.7
2024-01-03 05:00:00,12.29,81.4
2024-01-03 06:00:00,12.92,79.3
2024-01-03 07:00:00,14.03,70.0
2024-01-03 08:00:00,16.33,74.2
2024-01-03 09:00:00,16.5,73.2
2024-01-03 10:00:00,20.23,66.1
2024-01-03 11:00:00,21.79,61.7
2024-01-03 12:00:00,21.97,62.8
2024-01-03 13:00:00,24.1,58.7
2024-01-03 14:00:00,24.18,63.1
2024-01-03 15:00:00,25.45,59.8
2024-01-03 16:00:00,23.54,64.5
2024-01-03 17:00:00,23.51,63.4
2024-01-03 18:00:00,23.38,57.7
2024-01-03 19:00:00,22.19,63.7
2024-01-03 20:00:00,18.52,75.2
2024-01-03 21:00:00,17.7,66.7
2024-01-03 22:00:00,16.39,72.8
2024-01-03 23:00:00,14.13,73.0
2024-01-04 00:00:00,14.0,72.9
2024-01-04 01:00:00,11.22,80.4
2024-01-04 02:00:00,11.45,82.2
2024-01-04 03:00:00,10.37,83.3
2024-01-04 04:00:00,12.08,79.8
2024-01-04 05:00:00,11.92,81.5
2024-01-04 06:00:00,12.83,72.4
2024-01-04 07:00:00,13.47,78.8
2024-01-04 08:00:00,17.2,72.0
2024-01-04 09:00:00,18.45,68.3
2024-01-04 10:00:00,20.26,66.1
2024-01-04 11:00:00,22.18,60.7
2024-01-04 12:00:00,23.16,65.3
2024-01-04 13:00:00,23.68,58.8
2024-01-04 14:00:00,24.28,55.7
2024-01-04 15:00:00,24.52,59.8
2024-01-04 16:00:00,25.58,56.5
2024-01-04 17:00:00,23.19,61.6
2024-01-04 18:00:00,22.59,67.2
2024-01-04 19:00:00,21.31,64.2
2024-01-04 20:00:00,19.95,67.0
2024-01-04 21:00:00,18.35,75.9
2024-01-04 22:00:00,15.44,69.2
2024-01-04 23:00:00,13.46,77.5
2024-01-05 00:00:00,13.05,80.5
2024-01-05 01:00:00,12.67,82.1
2024-01-05 02:00:00,11.69,85.8
2024-01-05 03:00:00,11.13,77.9
2024-01-05 04:00:00,11.05,81.9
2024-01-05 05:00:00,12.11,78.1
2024-01-05 06:00:00,12.9,75.9
2024-01-05 07:00:00,14.99,71.9
2024-01-05 08:00:00,15.71,68.6
2024-01-05 09:00:00,18.08,70.5
2024-01-05 10:00:00,19.75,69.3
2024-01-05 11:00:00,21.83,60.7
2024-01-05 12:00:00,23.08,64.3
2024-01-05 13:00:00,25.59,56.6
2024-01-05 14:00:00,25.66,55.1
2024-01-05 15:00:00,25.9,49.9
2024-01-05 16:00:00,23.54,64.6
2024-01-05 17:00:00,23.86,63.0
2024-01-05 18:00:00,22.58,61.8
2024-01-05 19:00:00,21.82,62.7
2024-01-05 20:00:00,18.44,65.0
2024-01-05 21:00:00,18.7,70.1
2024-01-05 22:00:00,16.83,71.2
2024-01-05 23:00:00,13.72,77.7
2024-01-06 00:00:00,12.46,78.5
2024-01-06 01:00:00,11.46,75.2
2024-01-06 02:00:00,11.26,75.0
2024-01-06 03:00:00,11.38,80.8
2024-01-06 04:00:00,12.47,72.8
2024-01-06 05:00:00,11.82,79.7
2024-01-06 06:00:00,13.51,79.1
2024-01-06 07:00:00,14.59,70.9
2024-01-06 08:00:00,17.24,72.8
2024-01-06 09:00:00,18.45,69.1
2024-01-06 10:00:00,20.63,67.4
2024-01-06 11:00:00,20.85,63.5
2024-01-06 12:00:00,22.83,62.4
2024-01-06 13:00:00,23.57,62.7
2024-01-06 14:00:00,25.66,63.8
2024-01-06 15:00:00,25.39,60.9
2024-01-06 16:00:00,24.58,61.4
2024-01-06 17:00:00,23.79,57.2
2024-01-06 18:00:00,23.24,62.9
2024-01-06 19:00:00,21.08,63.1
2024-01-06 20:00:00,19.25,67.7
2024-01-06 21:00:00,18.29,70.2
2024-01-06 22:00:00,17.67,73.2
2024-01-06 23:00:00,14.35,77.1
2024-01-07 00:00:00,12.72,78.3
2024-01-07 01:00:00,11.24,79.8
2024-01-07 02:00:00,10.44,85.3
2024-01-07 03:00:00,11.31,77.2
2024-01-07 04:00:00,11.75,79.3
2024-01-07 05:00:00,11.94,83.1
2024-01-07 06:00:00,13.25,76.4
2024-01-07 07:00:00,14.57,77.5
2024-01-07 08:00:00,16.27,75.2
2024-01-07 09:00:00,17.08,77.2
2024-01-07 10:00:00,19.54,71.0
2024-01-07 11:00:00,21.57,59.5
2024-01-07 12:00:00,22.48,63.1
2024-01-07 13:00:00,23.78,62.1
2024-01-07 14:00:00,24.27,63.0
2024-01-07 15:00:00,24.8,60.8
2024-01-07 16:00:00,25.27,64.6
2024-01-07 17:00:00,23.82,64.4
2024-01-07 18:00:00,22.86,59.0
2024-01-07 19:00:00,21.99,61.9
2024-01-07 20:00:00,20.2,60.3
2024-01-07 21:00:00,19.02,73.5
2024-01-07 22:00:00,14.93,74.0
2024-01-07 23:00:00,15.01,73.8
2024-01-08 00:00:00,12.76,72.8
2024-01-08 01:00:00,12.02,77.3
2024-01-08 02:00:00,11.74,80.4
2024-01-08 03:00:00,11.65,78.0
2024-01-08 04:00:00,11.86,77.6
2024-01-08 05:00:00,12.03,76.7
2024-01-08 06:00:00,14.02,81.6
2024-01-08 07:00:00,14.33,73.4
2024-01-08 08:00:00,16.1,68.0
2024-01-08 09:00:00,18.48,67.3
2024-01-08 10:00:00,19.48,66.2
2024-01-08 11:00:00,22.8,62.0
2024-01-08 12:00:00,23.56,60.4
2024-01-08 13:00:00,25.37,55.0
2024-01-08 14:00:00,24.75,58.7
2024-01-08 15:00:00,24.77,60.5
2024-01-08 16:00:00,24.86,54.9
2024-01-08 17:00:00,24.5,65.7
2024-01-08 18:00:00,22.6,67.7
2024-01-08 19:00:00,21.73,58.3
2024-01-08 20:00:00,19.8,65.6
2024-01-08 21:00:00,18.97,71.0
2024-01-08 22:00:00,15.79,76.8
2024-01-08 23:00:00,15.13,79.2
2024-01-09 00:00:00,12.66,71.8
2024-01-09 01:00:00,11.36,76.0
2024-01-09 02:00:00,10.81,78.6
2024-01-09 03:00:00,10.29,82.7
2024-01-09 04:00:00,11.33,76.2
2024-01-09 05:00:00,12.56,78.9
2024-01-09 06:00:00,13.15,78.1
2024-01-09 07:00:00,14.87,76.3
2024-01-09 08:00:00,17.17,66.8
2024-01-09 09:00:00,18.16,69.8
2024-01-09 10:00:00,19.93,66.8
2024-01-09 11:00:00,21.33,63.2
2024-01-09 12:00:00,21.98,67.5
2024-01-09 13:00:00,24.52,58.9
2024-01-09 14:00:00,23.71,65.4
2024-01-09 15:00:00,25.39,56.6
2024-01-09 16:00:00,24.75,64.6
2024-01-09 17:00:00,24.74,64.5
2024-01-09 18:00:00,22.91,59.7
2024-01-09 19:00:00,21.01,66.1
2024-01-09 20:00:00,20.03,67.5
2024-01-09 21:00:00,17.66,67.1
2024-01-09 22:00:00,16.08,74.9
2024-01-09 23:00:00,14.53,76.7
2024-01-10 00:00:00,12.97,74.5
2024-01-10 01:00:00,11.82,79.2
2024-01-10 02:00:00,10.74,83.3
2024-01-10 03:00:00,10.89,79.9
2024-01-10 04:00:00,9.96,79.6
2024-01-10 05:00:00,11.84,83.9
2024-01-10 06:00:00,12.33,75.2
2024-01-10 07:00:00,15.17,75.0
2024-01-10 08:00:00,16.95,74.7
2024-01-10 09:00:00,16.83,73.9
2024-01-10 10:00:00,19.9,61.3
2024-01-10 11:00:00,21.42,63.6
2024-01-10 12:00:00,22.32,62.9
2024-01-10 13:00:00,24.38,59.6
2024-01-10 14:00:00,24.48,62.0
2024-01-10 15:00:00,23.94,62.6
2024-01-10 16:00:00,24.6,60.3
2024-01-10 17:00:00,23.97,61.7
2024-01-10 18:00:00,23.01,65.4
2024-01-10 19:00:00,20.76,69.5
2024-01-10 20:00:00,20.18,60.8
2024-01-10 21:00:00,18.44,75.9
2024-01-10 22:00:00,15.5,72.0
2024-01-10 23:00:00,14.1,78.1
2024-01-11 00:00:00,13.0,72.4
2024-01-11 01:00:00,11.6,78.0
2024-01-11 02:00:00,12.28,74.7
2024-01-11 03:00:00,11.13,83.6
2024-01-11 04:00:00,10.63,83.7
2024-01-11 05:00:00,11.46,79.8
2024-01-11 06:00:00,13.02,76.9
2024-01-11 07:00:00,15.88,74.3
2024-01-11 08:00:00,16.08,70.0
2024-01-11 09:00:00,18.08,68.0
2024-01-11 10:00:00,20.12,64.4
2024-01-11 11:00:00,21.48,67.2
2024-01-11 12:00:00,24.32,60.6
2024-01-11 13:00:00,23.74,57.5
2024-01-11 14:00:00,25.21,60.2
2024-01-11 15:00:00,25.1,60.9
2024-01-11 16:00:00,25.13,63.5
2024-01-11 17:00:00,23.36,60.2
2024-01-11 18:00:00,24.01,62.2
2024-01-11 19:00:00,21.43,71.2
2024-01-11 20:00:00,19.83,66.2
2024-01-11 21:00:00,17.44,69.7
2024-01-11 22:00:00,15.75,74.9
2024-01-11 23:00:00,14.84,73.2
2024-01-12 00:00:00,13.64,76.5
2024-01-12 01:00:00,12.39,76.8
2024-01-12 02:00:00,11.96,76.6
2024-01-12 03:00:00,11.43,82.5
2024-01-12 04:00:00,11.26,78.9
2024-01-12 05:00:00,12.44,75.2
2024-01-12 06:00:00,13.41,76.0
2024-01-12 07:00:00,14.44,74.8
2024-01-12 08:00:00,16.62,72.9
2024-01-12 09:00:00,18.77,71.6
2024-01-12 10:00:00,19.95,72.4
2024-01-12 11:00:00,21.29,61.3
2024-01-12 12:00:00,23.38,61.1
2024-01-12 13:00:00,25.2,53.6
2024-01-12 14:00:00,24.64,60.6
2024-01-12 15:00:00,24.94,61.1
2024-01-12 16:00:00,24.68,57.9
2024-01-12 17:00:00,24.8,56.9
2024-01-12 18:00:00,21.85,61.1
2024-01-12 19:00:00,21.72,59.7
2024-01-12 20:00:00,20.53,68.0
2024-01-12 21:00:00,17.51,76.4
2024-01-12 22:00:00,17.08,67.8
2024-01-12 23:00:00,14.82,79.6
2024-01-13 00:00:00,12.72,77.4
2024-01-13 01:00:00,12.06,74.5
2024-01-13 02:00:00,10.32,83.1
2024-01-13 03:00:00,10.66,83.1
2024-01-13 04:00:00,12.33,79.5
2024-01-13 05:00:00,11.4,78.9
2024-01-13 06:00:00,14.16,80.6
2024-01-13 07:00:00,14.45,74.3
2024-01-13 08:00:00,16.79,73.5
2024-01-13 09:00:00,18.03,71.7
2024-01-13 10:00:00,18.47,66.4
2024-01-13 11:00:00,21.16,59.4
2024-01-13 12:00:00,23.06,56.9
2024-01-13 13:00:00,23.37,60.5
2024-01-13 14:00:00,23.95,61.9
2024-01-13 15:00:00,25.22,53.5
2024-01-13 16:00:00,24.37,58.0
2024-01-13 17:00:00,23.04,66.8
2024-01-13 18:00:00,22.54,57.5
2024-01-13 19:00:00,22.02,65.1
2024-01-13 20:00:00,19.53,68.5
2024-01-13 21:00:00,18.56,71.3
2024-01-13 22:00:00,17.1,66.6
2024-01-13 23:00:00,14.52,76.0
2024-01-14 00:00:00,12.37,73.9
2024-01-14 01:00:00,11.16,84.0
2024-01-14 02:00:00,11.22,77.3
2024-01-14 03:00:00,11.53,80.6
2024-01-14 04:00:00,11.4,77.2
2024-01-14 05:00:00,12.27,78.7
2024-01-14 06:00:00,12.78,72.9
2024-01-14 07:00:00,14.68,75.5
2024-01-14 08:00:00,15.91,74.7
2024-01-14 09:00:00,17.8,70.0
2024-01-14 10:00:00,19.04,73.1
2024-01-14 11:00:00,20.56,67.0
2024-01-14 12:00:00,22.66,65.1
2024-01-14 13:00:00,23.4,63.1
2024-01-14 14:00:00,24.19,66.1
2024-01-14 15:00:00,25.4,56.6
2024-01-14 16:00:00,24.7,58.8
2024-01-14 17:00:00,25.81,57.3
2024-01-14 18:00:00,23.51,63.3
2024-01-14 19:00:00,21.12,65.8
2024-01-14 20:00:00,20.28,68.8
2024-01-14 21:00:00,18.21,70.3
2024-01-14 22:00:00,15.78,71.5
2024-01-14 23:00:00,15.16,73.8
2024-01-15 00:00:00,12.59,79.2
2024-01-15 01:00:00,10.1,74.6
2024-01-15 02:00:00,11.71,83.4
2024-01-15 03:00:00,10.63,79.1
2024-01-15 04:00:00,12.13,77.5
2024-01-15 05:00:00,11.55,80.2
2024-01-15 06:00:00,12.34,77.5
2024-01-15 07:00:00,15.43,69.2
2024-01-15 08:00:00,15.54,72.8
2024-01-15 09:00:00,18.12,73.8
2024-01-15 10:00:00,20.68,69.0
2024-01-15 11:00:00,21.57,68.2
2024-01-15 12:00:00,22.9,60.8
2024-01-15 13:00:00,24.12,60.0
2024-01-15 14:00:00,25.26,62.1
2024-01-15 15:00:00,24.52,64.6
2024-01-15 16:00:00,25.13,59.3
2024-01-15 17:00:00,24.41,57.3
2024-01-15 18:00:00,24.35,54.4
2024-01-15 19:00:00,21.3,69.3
2024-01-15 20:00:00,19.26,63.3
2024-01-15 21:00:00,18.44,70.5
2024-01-15 22:00:00,15.95,75.7
2024-01-15 23:00:00,14.67,84.9
2024-01-16 00:00:00,13.13,77.8
2024-01-16 01:00:00,12.64,77.6
2024-01-16 02:00:00,10.84,82.1
2024-01-16 03:00:00,10.94,82.1
2024-01-16 04:00:00,9.71,86.5
2024-01-16 05:00:00,11.4,82.0
2024-01-16 06:00:00,13.97,73.7
2024-01-16 07:00:00,14.09,69.3
2024-01-16 08:00:00,15.77,74.2
2024-01-16 09:00:00,17.27,69.0
2024-01-16 10:00:00,20.16,71.1
2024-01-16 11:00:00,21.61,60.5
2024-01-16 12:00:00,22.24,64.2
2024-01-16 13:00:00,24.46,58.0
2024-01-16 14:00:00,24.92,56.9
2024-01-16 15:00:00,25.45,64.0
2024-01-16 16:00:00,24.38,61.0
2024-01-16 17:00:00,25.1,58.8
2024-01-16 18:00:00,23.2,64.5
2024-01-16 19:00:00,21.43,62.4
2024-01-16 20:00:00,19.5,66.6
2024-01-16 21:00:00,17.85,68.2
2024-01-16 22:00:00,16.7,78.1
2024-01-16 23:00:00,14.34,76.5
2024-01-17 00:00:00,13.7,78.4
2024-01-17 01:00:00,12.29,82.0
2024-01-17 02:00:00,12.05,78.4
2024-01-17 03:00:00,11.49,79.3
2024-01-17 04:00:00,11.2,75.1
2024-01-17 05:00:00,10.79,82.3
2024-01-17 06:00:00,13.23,78.0
2024-01-17 07:00:00,14.97,73.3
2024-01-17 08:00:00,16.29,76.3
2024-01-17 09:00:00,18.33,64.0
2024-01-17 10:00:00,19.53,69.0
2024-01-17 11:00:00,21.27,60.8
2024-01-17 12:00:00,22.38,59.9
2024-01-17 13:00:00,24.88,59.0
2024-01-17 14:00:00,24.86,63.8
2024-01-17 15:00:00,24.7,56.2
2024-01-17 16:00:00,23.96,57.9
2024-01-17 17:00:00,23.97,57.3
2024-01-17 18:00:00,23.82,67.5
2024-01-17 19:00:00,21.78,65.9
2024-01-17 20:00:00,19.38,69.2
2024-01-17 21:00:00,18.86,75.1
2024-01-17 22:00:00,17.05,72.2
2024-01-17 23:00:00,15.09,67.8
2024-01-18 00:00:00,13.52,75.1
2024-01-18 01:00:00,12.63,74.3
2024-01-18 02:00:00,11.56,85.9
2024-01-18 03:00:00,11.47,75.4
2024-01-18 04:00:00,10.77,81.8
2024-01-18 05:00:00,12.84,76.1
2024-01-18 06:00:00,13.19,75.8
2024-01-18 07:00:00,15.71,73.5
2024-01-18 08:00:00,14.96,74.1
2024-01-18 09:00:00,18.42,67.2
2024-01-18 10:00:00,20.4,62.5
2024-01-18 11:00:00,21.29,63.0
2024-01-18 12:00:00,23.22,58.9
2024-01-18 13:00:00,24.51,57.4
2024-01-18 14:00:00,25.11,59.7
2024-01-18 15:00:00,24.68,59.5
2024-01-18 16:00:00,24.68,61.4
2024-01-18 17:00:00,24.67,59.2
2024-01-18 18:00:00,23.72,67.4
2024-01-18 19:00:00,21.56,62.4
2024-01-18 20:00:00,19.86,64.1
2024-01-18 21:00:00,18.12,73.0
2024-01-18 22:00:00,16.81,69.5
2024-01-18 23:00:00,13.87,76.6
2024-01-19 00:00:00,12.25,81.6
2024-01-19 01:00:00,12.01,78.6
2024-01-19 02:00:00,10.57,80.0
2024-01-19 03:00:00,10.65,84.0
2024-01-19 04:00:00,11.29,81.1
2024-01-19 05:00:00,12.23,77.0
2024-01-19 06:00:00,12.41,74.6
2024-01-19 07:00:00,14.98,73.3
2024-01-19 08:00:00,15.12,69.1
2024-01-19 09:00:00,18.33,66.7
2024-01-19 10:00:00,18.87,65.2
2024-01-19 11:00:00,20.74,66.8
2024-01-19 12:00:00,23.34,64.3
2024-01-19 13:00:00,23.82,59.2
2024-01-19 14:00:00,24.28,59.1
2024-01-19 15:00:00,24.73,56.4
2024-01-19 16:00:00,25.04,55.1
2024-01-19 17:00:00,24.03,59.5
2024-01-19 18:00:00,22.93,64.3
2024-01-19 19:00:00,22.13,65.2
2024-01-19 20:00:00,19.38,69.7
2024-01-19 21:00:00,17.72,69.5
2024-01-19 22:00:00,15.87,64.6
2024-01-19 23:00:00,15.2,77.0
2024-01-20 00:00:00,13.65,80.6
2024-01-20 01:00:00,12.71,80.7
2024-01-20 02:00:00,11.22,82.9
2024-01-20 03:00:00,10.91,84.0
2024-01-20 04:00:00,11.75,87.7
2024-01-20 05:00:00,11.7,80.4
2024-01-20 06:00:00,13.55,81.5
2024-01-20 07:00:00,14.93,77.1
2024-01-20 08:00:00,15.77,75.4
2024-01-20 09:00:00,17.95,69.6
2024-01-20 10:00:00,19.74,66.3
2024-01-20 11:00:00,22.54,59.7
2024-01-20 12:00:00,24.5,62.1
2024-01-20 13:00:00,24.0,60.0
2024-01-20 14:00:00,24.77,56.1
2024-01-20 15:00:00,23.63,59.2
2024-01-20 16:00:00,24.89,56.0
2024-01-20 17:00:00,24.06,65.9
2024-01-20 18:00:00,22.31,62.8
2024-01-20 19:00:00,21.97,64.4
2024-01-20 20:00:00,18.87,64.9
2024-01-20 21:00:00,17.87,67.0
2024-01-20 22:00:00,16.27,75.8
2024-01-20 23:00:00,13.75,75.6
2024-01-21 00:00:00,13.56,77.3
2024-01-21 01:00:00,12.57,83.9
2024-01-21 02:00:00,10.41,87.9
2024-01-21 03:00:00,10.16,83.9
2024-01-21 04:00:00,11.6,81.1
2024-01-21 05:00:00,11.92,79.9
2024-01-21 06:00:00,12.32,77.6
2024-01-21 07:00:00,14.32,81.8
2024-01-21 08:00:00,16.12,69.0
2024-01-21 09:00:00,17.91,69.8
2024-01-21 10:00:00,20.31,60.5
2024-01-21 11:00:00,21.73,60.5
2024-01-21 12:00:00,24.01,62.2
2024-01-21 13:00:00,24.89,61.1
2024-01-21 14:00:00,25.17,60.3
2024-01-21 15:00:00,25.65,57.5
2024-01-21 16:00:00,25.56,56.5
2024-01-21 17:00:00,24.49,58.6
2024-01-21 18:00:00,22.21,62.5
2024-01-21 19:00:00,22.02,67.4
2024-01-21 20:00:00,19.86,71.8
2024-01-21 21:00:00,18.97,69.9
2024-01-21 22:00:00,16.24,71.0
2024-01-21 23:00:00,14.82,71.9
2024-01-22 00:00:00,13.25,78.1
2024-01-22 01:00:00,12.95,76.9
2024-01-22 02:00:00,11.34,74.3
2024-01-22 03:00:00,10.84,85.0
2024-01-22 04:00:00,11.42,79.8
2024-01-22 05:00:00,11.67,78.5
2024-01-22 06:00:00,13.15,74.6
2024-01-22 07:00:00,14.5,72.5
2024-01-22 08:00:00,16.35,75.3
2024-01-22 09:00:00,19.15,65.3
2024-01-22 10:00:00,19.57,67.9
2024-01-22 11:00:00,21.52,66.7
2024-01-22 12:00:00,22.83,68.5
2024-01-22 13:00:00,24.47,62.2
2024-01-22 14:00:00,24.05,60.8
2024-01-22 15:00:00,24.58,58.8
2024-01-22 16:00:00,24.74,62.6
2024-01-22 17:00:00,24.39,63.5
2024-01-22 18:00:00,22.92,61.3
2024-01-22 19:00:00,21.2,67.0
2024-01-22 20:00:00,19.29,67.6
2024-01-22 21:00:00,18.31,64.5
2024-01-22 22:00:00,17.05,68.3
2024-01-22 23:00:00,14.69,77.5
2024-01-23 00:00:00,13.16,81.8
2024-01-23 01:00:00,12.2,80.8
2024-01-23 02:00:00,10.67,80.4
2024-01-23 03:00:00,10.81,78.5
2024-01-23 04:00:00,11.08,82.1
2024-01-23 05:00:00,12.11,79.9
2024-01-23 06:00:00,13.03,72.4
2024-01-23 07:00:00,13.77,78.4
2024-01-23 08:00:00,16.86,69.5
2024-01-23 09:00:00,19.02,70.6
2024-01-23 10:00:00,19.65,69.2
2024-01-23 11:00:00,21.74,66.7
2024-01-23 12:00:00,23.11,65.7
2024-01-23 13:00:00,24.53,62.4
2024-01-23 14:00:00,23.87,57.9
2024-01-23 15:00:00,25.97,54.9
2024-01-23 16:00:00,24.48,63.5
2024-01-23 17:00:00,24.82,61.3
2024-01-23 18:00:00,23.0,57.6
2024-01-23 19:00:00,21.27,58.8
2024-01-23 20:00:00,19.73,70.2
2024-01-23 21:00:00,18.54,76.1
2024-01-23 22:00:00,15.67,76.1
2024-01-23 23:00:00,14.27,74.9
2024-01-24 00:00:00,12.76,78.7
2024-01-24 01:00:00,10.91,72.2
2024-01-24 02:00:00,12.02,75.9
2024-01-24 03:00:00,11.35,83.1
2024-01-24 04:00:00,11.23,82.9
2024-01-24 05:00:00,12.64,71.4
2024-01-24 06:00:00,12.48,82.0
2024-01-24 07:00:00,14.46,77.0
2024-01-24 08:00:00,17.22,74.1
2024-01-24 09:00:00,18.59,68.5
2024-01-24 10:00:00,18.48,69.3
2024-01-24 11:00:00,19.5,64.4
2024-01-24 12:00:00,22.33,64.5
2024-01-24 13:00:00,24.7,62.8
2024-01-24 14:00:00,24.48,57.4
2024-01-24 15:00:00,24.87,60.8
2024-01-24 16:00:00,25.13,57.7
2024-01-24 17:00:00,23.53,65.0
2024-01-24 18:00:00,23.08,65.5
2024-01-24 19:00:00,21.98,56.7
2024-01-24 20:00:00,20.09,68.3
2024-01-24 21:00:00,18.24,72.8
2024-01-24 22:00:00,15.83,71.5
2024-01-24 23:00:00,14.81,74.1
2024-01-25 00:00:00,12.79,77.3
2024-01-25 01:00:00,12.72,74.4
2024-01-25 02:00:00,12.78,77.5
2024-01-25 03:00:00,10.56,86.0
2024-01-25 04:00:00,9.93,83.6
2024-01-25 05:00:00,11.68,84.2
2024-01-25 06:00:00,13.28,80.2
2024-01-25 07:00:00,15.13,78.1
2024-01-25 08:00:00,16.84,72.1
2024-01-25 09:00:00,17.53,73.1
2024-01-25 10:00:00,19.34,74.3
2024-01-25 11:00:00,22.26,68.2
2024-01-25 12:00:00,22.29,64.6
2024-01-25 13:00:00,24.72,57.8
2024-01-25 14:00:00,24.63,57.2
2024-01-25 15:00:00,25.46,59.6
2024-01-25 16:00:00,25.19,60.6
2024-01-25 17:00:00,24.53,54.5
2024-01-25 18:00:00,23.44,62.5
2024-01-25 19:00:00,20.91,66.7
2024-01-25 20:00:00,19.99,68.0
2024-01-25 21:00:00,18.01,68.3
2024-01-25 22:00:00,16.37,79.6
2024-01-25 23:00:00,15.24,76.9
2024-01-26 00:00:00,12.89,73.4
2024-01-26 01:00:00,11.51,77.5
2024-01-26 02:00:00,10.8,83.3
2024-01-26 03:00:00,10.81,82.4
2024-01-26 04:00:00,11.69,79.9
2024-01-26 05:00:00,11.45,79.7
2024-01-26 06:00:00,13.75,75.7
2024-01-26 07:00:00,14.67,73.6
2024-01-26 08:00:00,16.05,69.7
2024-01-26 09:00:00,17.2,73.0
2024-01-26 10:00:00,19.96,58.4
2024-01-26 11:00:00,21.91,61.8
2024-01-26 12:00:00,21.89,68.0
2024-01-26 13:00:00,24.78,57.3
2024-01-26 14:00:00,25.75,54.6
2024-01-26 15:00:00,25.2,65.0
2024-01-26 16:00:00,25.06,62.6
2024-01-26 17:00:00,25.51,58.2
2024-01-26 18:00:00,23.69,59.5
2024-01-26 19:00:00,20.96,64.7
2024-01-26 20:00:00,19.8,66.1
2024-01-26 21:00:00,17.91,69.3
2024-01-26 22:00:00,16.1,70.4
2024-01-26 23:00:00,13.08,78.9
2024-01-27 00:00:00,13.5,74.9
2024-01-27 01:00:00,11.56,73.9
2024-01-27 02:00:00,11.34,75.8
2024-01-27 03:00:00,10.92,80.5
2024-01-27 04:00:00,11.76,76.0
2024-01-27 05:00:00,11.76,71.5
2024-01-27 06:00:00,12.57,82.6
2024-01-27 07:00:00,14.82,76.1
2024-01-27 08:00:00,17.03,69.8
2024-01-27 09:00:00,17.81,68.5
2024-01-27 10:00:00,20.63,67.5
2024-01-27 11:00:00,21.66,68.6
2024-01-27 12:00:00,22.63,60.9
2024-01-27 13:00:00,24.98,60.6
2024-01-27 14:00:00,24.27,58.4
2024-01-27 15:00:00,25.61,59.4
2024-01-27 16:00:00,24.46,56.6
2024-01-27 17:00:00,24.33,54.6
2024-01-27 18:00:00,22.21,63.7
2024-01-27 19:00:00,21.0,65.1
2024-01-27 20:00:00,20.45,68.3
2024-01-27 21:00:00,18.11,67.5
2024-01-27 22:00:00,16.21,76.7
2024-01-27 23:00:00,14.24,75.7
2024-01-28 00:00:00,13.32,81.6
2024-01-28 01:00:00,11.1,79.1
2024-01-28 02:00:00,10.57,85.6
2024-01-28 03:00:00,10.91,80.2
2024-01-28 04:00:00,10.74,81.1
2024-01-28 05:00:00,11.52,82.5
2024-01-28 06:00:00,13.01,71.8
2024-01-28 07:00:00,14.42,71.8
2024-01-28 08:00:00,16.05,78.4
2024-01-28 09:00:00,19.0,63.6
2024-01-28 10:00:00,20.42,64.6
2024-01-28 11:00:00,22.24,65.1
2024-01-28 12:00:00,22.93,66.9
2024-01-28 13:00:00,23.76,59.6
2024-01-28 14:00:00,23.89,61.4
2024-01-28 15:00:00,24.79,56.1
2024-01-28 16:00:00,23.51,60.3
2024-01-28 17:00:00,23.71,64.4
2024-01-28 18:00:00,23.41,62.7
2024-01-28 19:00:00,22.47,63.0
2024-01-28 20:00:00,20.39,67.5
2024-01-28 21:00:00,17.48,71.0
2024-01-28 22:00:00,16.48,72.6
2024-01-28 23:00:00,14.03,74.7
2024-01-29 00:00:00,13.54,73.5
2024-01-29 01:00:00,11.87,81.1
2024-01-29 02:00:00,11.75,75.6
2024-01-29 03:00:00,12.54,81.2
2024-01-29 04:00:00,11.79,85.7
2024-01-29 05:00:00,13.34,81.5
2024-01-29 06:00:00,13.16,84.3
2024-01-29 07:00:00,14.3,72.2
2024-01-29 08:00:00,16.99,72.1
2024-01-29 09:00:00,19.03,65.7
2024-01-29 10:00:00,19.48,65.3
2024-01-29 11:00:00,21.55,59.2
2024-01-29 12:00:00,22.09,60.0
2024-01-29 13:00:00,23.94,63.6
2024-01-29 14:00:00,25.29,61.1
2024-01-29 15:00:00,24.95,63.2
2024-01-29 16:00:00,24.42,63.7
2024-01-29 17:00:00,23.22,64.5
2024-01-29 18:00:00,23.17,59.7
2024-01-29 19:00:00,21.98,63.6
2024-01-29 20:00:00,20.17,68.9
2024-01-29 21:00:00,18.15,73.6
2024-01-29 22:00:00,15.42,72.6
2024-01-29 23:00:00,15.56,72.1
2024-01-30 00:00:00,13.02,76.1
2024-01-30 01:00:00,11.85,84.1
2024-01-30 02:00:00,11.68,81.2
2024-01-30 03:00:00,9.7,81.4
2024-01-30 04:00:00,11.2,77.8
2024-01-30 05:00:00,11.86,80.5
2024-01-30 06:00:00,13.27,71.9
2024-01-30 07:00:00,15.31,73.3
2024-01-30 08:00:00,16.47,70.5
2024-01-30 09:00:00,16.9,69.8
2024-01-30 10:00:00,19.61,68.2
2024-01-30 11:00:00,21.62,65.8
2024-01-30 12:00:00,23.04,71.8
2024-01-30 13:00:00,23.29,62.4
2024-01-30 14:00:00,23.76,63.5
2024-01-30 15:00:00,25.33,56.5
2024-01-30 16:00:00,24.97,54.4
2024-01-30 17:00:00,24.05,64.5
2024-01-30 18:00:00,21.91,70.2
2024-01-30 19:00:00,22.56,60.1
2024-01-30 20:00:00,18.07,69.7
2024-01-30 21:00:00,17.78,73.8
2024-01-30 22:00:00,17.44,71.2
2024-01-30 23:00:00,14.41,68.0
2024-01-31 00:00:00,13.19,80.4
2024-01-31 01:00:00,11.23,79.8
2024-01-31 02:00:00,12.05,81.2
2024-01-31 03:00:00,10.22,78.7
2024-01-31 04:00:00,11.39,82.7
2024-01-31 05:00:00,12.02,82.2
2024-01-31 06:00:00,12.42,76.2
2024-01-31 07:00:00,15.03,76.0
2024-01-31 08:00:00,15.34,72.1
2024-01-31 09:00:00,17.59,69.1
2024-01-31 10:00:00,19.79,64.6
2024-01-31 11:00:00,21.25,63.8
2024-01-31 12:00:00,23.23,60.1
2024-01-31 13:00:00,24.62,63.7
2024-01-31 14:00:00,24.59,59.5
2024-01-31 15:00:00,24.68,56.6
2024-01-31 16:00:00,24.45,64.6
2024-01-31 17:00:00,23.84,63.0
2024-01-31 18:00:00,23.44,65.0
2024-01-31 19:00:00,21.37,64.8
2024-01-31 20:00:00,20.06,69.1
2024-01-31 21:00:00,17.95,69.8
2024-01-31 22:00:00,15.68,70.6
2024-01-31 23:00:00,15.02,74.9
2024-02-01 00:00:00,12.43,78.9
2024-02-01 01:00:00,11.94,79.6
2024-02-01 02:00:00,12.13,81.5
2024-02-01 03:00:00,10.34,76.2
2024-02-01 04:00:00,11.21,81.2
2024-02-01 05:00:00,10.99,78.1
2024-02-01 06:00:00,12.74,77.1
2024-02-01 07:00:00,13.6,78.1
2024-02-01 08:00:00,15.97,73.3
2024-02-01 09:00:00,17.68,68.5
2024-02-01 10:00:00,19.89,69.6
2024-02-01 11:00:00,22.45,63.3
2024-02-01 12:00:00,23.12,65.3
2024-02-01 13:00:00,24.46,64.2
2024-02-01 14:00:00,24.73,58.9
2024-02-01 15:00:00,24.85,56.5
2024-02-01 16:00:00,24.26,61.0
2024-02-01 17:00:00,22.98,65.2
2024-02-01 18:00:00,22.99,63.6
2024-02-01 19:00:00,22.48,59.8
2024-02-01 20:00:00,20.1,61.8
2024-02-01 21:00:00,17.68,67.7
2024-02-01 22:00:00,17.18,68.5
2024-02-01 23:00:00,14.24,77.7
2024-02-02 00:00:00,12.68,78.3
2024-02-02 01:00:00,11.21,83.0
2024-02-02 02:00:00,10.66,80.9
2024-02-02 03:00:00,10.85,86.0
2024-02-02 04:00:00,12.44,78.6
2024-02-02 05:00:00,11.81,81.2
2024-02-02 06:00:00,12.43,77.3
2024-02-02 07:00:00,14.14,77.4
2024-02-02 08:00:00,16.05,76.4
2024-02-02 09:00:00,16.97,74.1
2024-02-02 10:00:00,19.89,71.3
2024-02-02 11:00:00,21.92,62.5
2024-02-02 12:00:00,23.14,63.9
2024-02-02 13:00:00,24.42,65.8
2024-02-02 14:00:00,23.99,62.0
2024-02-02 15:00:00,23.98,60.7
2024-02-02 16:00:00,25.53,58.2
2024-02-02 17:00:00,24.72,58.5
2024-02-02 18:00:00,22.03,64.6
2024-02-02 19:00:00,21.62,69.0
2024-02-02 20:00:00,19.83,68.9
2024-02-02 21:00:00,18.33,69.6
2024-02-02 22:00:00,16.31,70.3
2024-02-02 23:00:00,14.2,72.4
2024-02-03 00:00:00,13.17,84.8
2024-02-03 01:00:00,12.03,77.7
2024-02-03 02:00:00,11.21,80.7
2024-02-03 03:00:00,9.89,80.9
2024-02-03 04:00:00,9.44,83.6
2024-02-03 05:00:00,11.46,78.7
2024-02-03 06:00:00,12.07,79.4
2024-02-03 07:00:00,14.65,79.6
2024-02-03 08:00:00,16.62,70.0
2024-02-03 09:00:00,18.16,71.6
2024-02-03 10:00:00,19.59,67.6
2024-02-03 11:00:00,21.54,67.0
2024-02-03 12:00:00,23.65,59.6
2024-02-03 13:00:00,23.62,63.0
2024-02-03 14:00:00,25.31,56.2
2024-02-03 15:00:00,25.42,53.4
2024-02-03 16:00:00,24.92,55.7
2024-02-03 17:00:00,24.93,56.8
2024-02-03 18:00:00,22.52,59.9
2024-02-03 19:00:00,22.07,63.0
2024-02-03 20:00:00,19.25,71.5
2024-02-03 21:00:00,17.54,67.3
2024-02-03 22:00:00,15.55,75.1
2024-02-03 23:00:00,14.77,75.4
2024-02-04 00:00:00,12.49,76.2
2024-02-04 01:00:00,11.97,76.2
2024-02-04 02:00:00,10.56,82.5
2024-02-04 03:00:00,11.64,81.0
2024-02-04 04:00:00,12.34,77.5
2024-02-04 05:00:00,12.07,78.4
2024-02-04 06:00:00,14.04,75.9
2024-02-04 07:00:00,14.84,70.8
2024-02-04 08:00:00,17.49,71.1
2024-02-04 09:00:00,18.06,70.8
2024-02-04 10:00:00,18.87,74.0
2024-02-04 11:00:00,22.39,59.5
2024-02-04 12:00:00,22.87,60.1
2024-02-04 13:00:00,23.44,62.1
2024-02-04 14:00:00,24.37,58.7
2024-02-04 15:00:00,24.02,59.7
2024-02-04 16:00:00,24.66,60.0
2024-02-04 17:00:00,23.42,61.0
2024-02-04 18:00:00,23.84,61.1
2024-02-04 19:00:00,21.9,65.5
2024-02-04 20:00:00,18.82,63.9
2024-02-04 21:00:00,17.09,73.1
2024-02-04 22:00:00,15.85,66.4
2024-02-04 23:00:00,13.34,82.1
2024-02-05 00:00:00,12.98,80.3
2024-02-05 01:00:00,11.91,77.3
2024-02-05 02:00:00,10.77,83.9
2024-02-05 03:00:00,10.67,80.6
2024-02-05 04:00:00,11.54,81.0
2024-02-05 05:00:00,12.79,80.1
2024-02-05 06:00:00,13.95,77.2
2024-02-05 07:00:00,14.52,75.3
2024-02-05 08:00:00,16.7,73.9
2024-02-05 09:00:00,17.56,70.1
2024-02-05 10:00:00,20.06,65.8
2024-02-05 11:00:00,20.92,62.8
2024-02-05 12:00:00,23.39,56.5
2024-02-05 13:00:00,23.32,66.8
2024-02-05 14:00:00,24.18,63.1
2024-02-05 15:00:00,24.99,55.3
2024-02-05 16:00:00,25.1,60.6
2024-02-05 17:00:00,23.2,62.9
2024-02-05 18:00:00,22.63,56.5
2024-02-05 19:00:00,21.58,62.2
2024-02-05 20:00:00,19.95,66.8
2024-02-05 21:00:00,17.5,76.0
2024-02-05 22:00:00,16.25,76.0
2024-02-05 23:00:00,14.34,79.3
2024-02-06 00:00:00,13.89,77.2
2024-02-06 01:00:00,12.27,81.7
2024-02-06 02:00:00,10.44,77.9
2024-02-06 03:00:00,9.68,84.4
2024-02-06 04:00:00,11.3,82.3
2024-02-06 05:00:00,12.65,74.3
2024-02-06 06:00:00,13.15,78.1
2024-02-06 07:00:00,15.03,79.1
2024-02-06 08:00:00,15.9,79.0
2024-02-06 09:00:00,17.18,75.6
2024-02-06 10:00:00,20.26,64.6
2024-02-06 11:00:00,21.56,64.5
2024-02-06 12:00:00,23.36,60.5
2024-02-06 13:00:00,23.23,66.0
2024-02-06 14:00:00,24.87,57.3
2024-02-06 15:00:00,24.62,57.0
2024-02-06 16:00:00,25.25,54.4
2024-02-06 17:00:00,23.71,62.1
2024-02-06 18:00:00,22.59,64.5
2024-02-06 19:00:00,21.15,63.6
2024-02-06 20:00:00,20.57,64.0
2024-02-06 21:00:00,18.02,69.5
2024-02-06 22:00:00,15.73,77.6
2024-02-06 23:00:00,13.89,72.3
2024-02-07 00:00:00,12.42,78.4
2024-02-07 01:00:00,12.82,78.5
2024-02-07 02:00:00,10.15,83.0
2024-02-07 03:00:00,10.49,85.2
2024-02-07 04:00:00,11.62,82.2
2024-02-07 05:00:00,12.64,79.0
2024-02-07 06:00:00,12.96,82.1
2024-02-07 07:00:00,14.97,78.1
2024-02-07 08:00:00,16.64,73.1
2024-02-07 09:00:00,18.59,70.0
2024-02-07 10:00:00,19.84,63.8
2024-02-07 11:00:00,22.49,63.8
2024-02-07 12:00:00,23.08,60.2
2024-02-07 13:00:00,24.99,56.2
2024-02-07 14:00:00,24.11,60.2
2024-02-07 15:00:00,25.58,53.6
2024-02-07 16:00:00,24.02,58.4
2024-02-07 17:00:00,23.18,60.8
2024-02-07 18:00:00,23.27,63.2
2024-02-07 19:00:00,21.02,64.6
2024-02-07 20:00:00,20.1,68.2
2024-02-07 21:00:00,17.38,75.8
2024-02-07 22:00:00,17.17,73.8
2024-02-07 23:00:00,14.53,71.8
2024-02-08 00:00:00,12.39,73.2
2024-02-08 01:00:00,12.07,76.2
2024-02-08 02:00:00,11.79,76.7
2024-02-08 03:00:00,10.56,75.2
2024-02-08 04:00:00,11.58,74.5
2024-02-08 05:00:00,13.19,72.1
2024-02-08 06:00:00,13.6,74.8
2024-02-08 07:00:00,14.52,79.5
2024-02-08 08:00:00,15.88,78.3
2024-02-08 09:00:00,18.38,66.3
2024-02-08 10:00:00,18.93,67.2
2024-02-08 11:00:00,19.71,63.2
2024-02-08 12:00:00,22.58,58.1
2024-02-08 13:00:00,23.45,61.5
2024-02-08 14:00:00,25.84,58.2
2024-02-08 15:00:00,25.12,57.2
2024-02-08 16:00:00,24.2,62.4
2024-02-08 17:00:00,23.4,60.7
2024-02-08 18:00:00,23.28,65.1
2024-02-08 19:00:00,21.04,63.7
2024-02-08 20:00:00,19.5,70.1
2024-02-08 21:00:00,17.98,69.2
2024-02-08 22:00:00,16.28,72.7
2024-02-08 23:00:00,14.6,76.7
2024-02-09 00:00:00,13.16,73.0
2024-02-09 01:00:00,12.76,75.4
2024-02-09 02:00:00,12.3,78.1
2024-02-09 03:00:00,10.05,80.8
2024-02-09 04:00:00,12.83,78.3
2024-02-09 05:00:00,12.06,76.2
2024-02-09 06:00:00,13.84,72.0
2024-02-09 07:00:00,14.1,75.3
2024-02-09 08:00:00,16.43,72.9
2024-02-09 09:00:00,18.17,67.0
2024-02-09 10:00:00,19.92,70.5
2024-02-09 11:00:00,22.06,65.7
2024-02-09 12:00:00,23.37,64.2
2024-02-09 13:00:00,23.5,63.8
2024-02-09 14:00:00,24.74,57.1
2024-02-09 15:00:00,25.48,64.9
2024-02-09 16:00:00,25.22,56.8
2024-02-09 17:00:00,23.91,62.1
2024-02-09 18:00:00,22.83,64.8
2024-02-09 19:00:00,21.45,65.7
2024-02-09 20:00:00,19.19,68.7
2024-02-09 21:00:00,17.27,68.6
2024-02-09 22:00:00,17.18,70.0
2024-02-09 23:00:00,14.31,75.6
2024-02-10 00:00:00,13.15,81.2
2024-02-10 01:00:00,11.53,77.7
2024-02-10 02:00:00,12.06,81.0
2024-02-10 03:00:00,12.1,80.2
2024-02-10 04:00:00,11.15,80.6
2024-02-10 05:00:00,12.29,77.0
2024-02-10 06:00:00,12.64,77.7
2024-02-10 07:00:00,15.6,68.5
2024-02-10 08:00:00,16.79,72.3
2024-02-10 09:00:00,17.54,71.8
2024-02-10 10:00:00,20.61,64.7
2024-02-10 11:00:00,21.76,66.1
2024-02-10 12:00:00,23.24,63.3
2024-02-10 13:00:00,24.32,58.6
2024-02-10 14:00:00,24.4,63.1
2024-02-10 15:00:00,24.72,58.6
2024-02-10 16:00:00,25.18,66.7
2024-02-10 17:00:00,24.08,58.1
2024-02-10 18:00:00,22.42,61.2
2024-02-10 19:00:00,22.76,61.2
2024-02-10 20:00:00,19.73,68.4
2024-02-10 21:00:00,17.71,74.2
2024-02-10 22:00:00,15.81,73.8
2024-02-10 23:00:00,14.96,73.6
2024-02-11 00:00:00,13.68,82.5
2024-02-11 01:00:00,12.13,82.1
2024-02-11 02:00:00,11.8,78.7
2024-02-11 03:00:00,10.14,81.7
2024-02-11 04:00:00,11.06,76.1
2024-02-11 05:00:00,11.7,79.8
2024-02-11 06:00:00,13.09,82.8
2024-02-11 07:00:00,14.83,71.5
2024-02-11 08:00:00,15.0,70.5
2024-02-11 09:00:00,19.91,67.7
2024-02-11 10:00:00,19.33,61.0
2024-02-11 11:00:00,21.75,68.8
2024-02-11 12:00:00,23.48,57.4
2024-02-11 13:00:00,24.61,58.1
2024-02-11 14:00:00,24.94,59.3
2024-02-11 15:00:00,23.29,65.8
2024-02-11 16:00:00,24.14,62.1
2024-02-11 17:00:00,24.55,54.6
2024-02-11 18:00:00,22.43,58.4
2024-02-11 19:00:00,20.9,66.4
2024-02-11 20:00:00,18.43,63.2
2024-02-11 21:00:00,18.76,68.0
2024-02-11 22:00:00,16.52,69.8
2024-02-11 23:00:00,13.99,78.4
2024-02-12 00:00:00,13.0,81.1
2024-02-12 01:00:00,11.9,71.6
2024-02-12 02:00:00,10.59,82.4
2024-02-12 03:00:00,10.86,82.6
2024-02-12 04:00:00,11.41,77.6
2024-02-12 05:00:00,12.29,76.7
2024-02-12 06:00:00,13.83,72.6
2024-02-12 07:00:00,14.53,74.1
2024-02-12 08:00:00,15.93,74.3
2024-02-12 09:00:00,18.26,73.6
2024-02-12 10:00:00,19.45,72.1
2024-02-12 11:00:00,20.76,64.9
2024-02-12 12:00:00,23.65,58.9
2024-02-12 13:00:00,23.85,64.1
2024-02-12 14:00:00,24.85,51.3
2024-02-12 15:00:00,25.4,54.6
2024-02-12 16:00:00,24.11,62.6
2024-02-12 17:00:00,24.46,66.9
2024-02-12 18:00:00,23.23,59.7
2024-02-12 19:00:00,21.45,65.0
2024-02-12 20:00:00,20.06,63.4
2024-02-12 21:00:00,17.56,70.3
2024-02-12 22:00:00,14.88,74.3
2024-02-12 23:00:00,14.34,73.1
2024-02-13 00:00:00,12.51,79.3
2024-02-13 01:00:00,12.47,77.7
2024-02-13 02:00:00,11.41,81.3
2024-02-13 03:00:00,10.69,80.3
2024-02-13 04:00:00,11.28,76.4
2024-02-13 05:00:00,12.76,78.2
2024-02-13 06:00:00,13.74,78.9
2024-02-13 07:00:00,14.73,72.5
2024-02-13 08:00:00,16.46,76.3
2024-02-13 09:00:00,17.84,71.5
2024-02-13 10:00:00,19.74,66.2
2024-02-13 11:00:00,21.86,64.3
2024-02-13 12:00:00,22.89,61.4
2024-02-13 13:00:00,24.25,57.9
2024-02-13 14:00:00,24.1,63.6
2024-02-13 15:00:00,24.01,63.7
2024-02-13 16:00:00,23.75,60.0
2024-02-13 17:00:00,23.81,60.7
2024-02-13 18:00:00,23.76,60.7
2024-02-13 19:00:00,22.22,65.7
2024-02-13 20:00:00,19.22,72.5
2024-02-13 21:00:00,17.08,69.4
2024-02-13 22:00:00,16.67,72.9
2024-02-13 23:00:00,14.79,74.7
2024-02-14 00:00:00,12.24,80.3
2024-02-14 01:00:00,12.58,82.5
2024-02-14 02:00:00,11.35,77.3
2024-02-14 03:00:00,11.8,73.1
2024-02-14 04:00:00,11.45,79.3
2024-02-14 05:00:00,12.48,73.5
2024-02-14 06:00:00,13.25,82.2
2024-02-14 07:00:00,13.94,74.0
2024-02-14 08:00:00,16.06,72.1
2024-02-14 09:00:00,17.6,71.3
2024-02-14 10:00:00,20.32,67.2
2024-02-14 11:00:00,20.91,64.4
2024-02-14 12:00:00,22.04,64.0
2024-02-14 13:00:00,24.48,63.2
2024-02-14 14:00:00,25.46,57.9
2024-02-14 15:00:00,25.88,63.8
2024-02-14 16:00:00,25.43,60.0
2024-02-14 17:00:00,23.17,55.2
2024-02-14 18:00:00,22.54,65.9
2024-02-14 19:00:00,21.18,60.0
2024-02-14 20:00:00,19.81,68.4
2024-02-14 21:00:00,16.71,78.8
2024-02-14 22:00:00,16.19,76.0
2024-02-14 23:00:00,14.67,71.7
2024-02-15 00:00:00,12.49,75.9
2024-02-15 01:00:00,12.02,79.1
2024-02-15 02:00:00,11.96,83.5
2024-02-15 03:00:00,11.03,78.3
2024-02-15 04:00:00,11.88,82.6
2024-02-15 05:00:00,12.55,79.2
2024-02-15 06:00:00,13.3,76.8
2024-02-15 07:00:00,14.74,74.5
2024-02-15 08:00:00,15.97,78.2
2024-02-15 09:00:00,18.75,64.4
2024-02-15 10:00:00,19.54,64.4
2024-02-15 11:00:00,21.09,68.1
2024-02-15 12:00:00,23.38,65.0
2024-02-15 13:00:00,23.63,57.7
2024-02-15 14:00:00,25.02,56.8
2024-02-15 15:00:00,25.64,55.2
2024-02-15 16:00:00,24.82,61.5
2024-02-15 17:00:00,24.13,58.9
2024-02-15 18:00:00,23.51,66.1
2024-02-15 19:00:00,21.96,66.5
2024-02-15 20:00:00,18.9,69.5
2024-02-15 21:00:00,17.22,71.8
2024-02-15 22:00:00,17.0,73.2
2024-02-15 23:00:00,14.74,77.5
2024-02-16 00:00:00,11.81,79.4
2024-02-16 01:00:00,11.14,81.1
2024-02-16 02:00:00,11.26,82.5
2024-02-16 03:00:00,10.42,81.2
2024-02-16 04:00:00,11.53,82.8
2024-02-16 05:00:00,11.99,78.7
2024-02-16 06:00:00,13.35,74.7
2024-02-16 07:00:00,13.81,76.9
2024-02-16 08:00:00,16.57,77.2
2024-02-16 09:00:00,19.19,72.8
2024-02-16 10:00:00,19.35,63.2
2024-02-16 11:00:00,22.3,64.5
2024-02-16 12:00:00,23.55,60.2
2024-02-16 13:00:00,24.46,59.4
2024-02-16 14:00:00,24.73,58.9
2024-02-16 15:00:00,24.32,59.9
2024-02-16 16:00:00,24.25,59.1
2024-02-16 17:00:00,24.53,59.4
2024-02-16 18:00:00,23.55,62.4
2024-02-16 19:00:00,22.25,60.0
2024-02-16 20:00:00,20.4,62.7
2024-02-16 21:00:00,18.56,65.8
2024-02-16 22:00:00,15.94,69.7
2024-02-16 23:00:00,13.79,78.1
2024-02-17 00:00:00,13.19,73.9
2024-02-17 01:00:00,12.25,78.4
2024-02-17 02:00:00,11.3,80.2
2024-02-17 03:00:00,10.1,84.0
2024-02-17 04:00:00,10.94,80.7
2024-02-17 05:00:00,11.07,83.6
2024-02-17 06:00:00,13.15,77.1
2024-02-17 07:00:00,13.88,76.9
2024-02-17 08:00:00,16.1,75.1
2024-02-17 09:00:00,18.21,65.3
2024-02-17 10:00:00,19.91,68.3
2024-02-17 11:00:00,22.34,68.0
2024-02-17 12:00:00,22.3,63.9
2024-02-17 13:00:00,22.77,62.1
2024-02-17 14:00:00,25.34,64.7
2024-02-17 15:00:00,25.86,58.5
2024-02-17 16:00:00,25.64,62.2
2024-02-17 17:00:00,24.25,53.5
2024-02-17 18:00:00,23.29,62.4
2024-02-17 19:00:00,21.59,63.1
2024-02-17 20:00:00,19.05,69.6
2024-02-17 21:00:00,17.67,74.0
2024-02-17 22:00:00,16.5,71.8
2024-02-17 23:00:00,14.17,75.1
2024-02-18 00:00:00,14.21,67.2
2024-02-18 01:00:00,11.03,82.8
2024-02-18 02:00:00,11.0,84.5
2024-02-18 03:00:00,11.68,79.9
2024-02-18 04:00:00,10.89,79.2
2024-02-18 05:00:00,11.28,81.2
2024-02-18 06:00:00,12.25,81.7
2024-02-18 07:00:00,14.08,77.8
2024-02-18 08:00:00,17.11,77.6
2024-02-18 09:00:00,18.26,67.9
2024-02-18 10:00:00,20.14,62.7
2024-02-18 11:00:00,21.21,66.7
2024-02-18 12:00:00,23.48,65.6
2024-02-18 13:00:00,24.15,59.4
2024-02-18 14:00:00,24.23,60.7
2024-02-18 15:00:00,24.75,58.0
2024-02-18 16:00:00,24.9,55.9
2024-02-18 17:00:00,24.78,57.6
2024-02-18 18:00:00,22.93,56.4
2024-02-18 19:00:00,21.82,65.1
2024-02-18 20:00:00,21.04,66.8
2024-02-18 21:00:00,17.54,73.3
2024-02-18 22:00:00,15.46,71.3
2024-02-18 23:00:00,15.11,72.4
2024-02-19 00:00:00,13.33,71.9
2024-02-19 01:00:00,11.9,74.8
2024-02-19 02:00:00,11.42,82.5
2024-02-19 03:00:00,10.82,89.2
2024-02-19 04:00:00,11.57,76.5
2024-02-19 05:00:00,11.76,78.2
2024-02-19 06:00:00,13.55,79.4
2024-02-19 07:00:00,13.82,74.2
2024-02-19 08:00:00,15.72,75.1
2024-02-19 09:00:00,18.09,68.9
2024-02-19 10:00:00,19.55,66.8
2024-02-19 11:00:00,21.94,66.8
2024-02-19 12:00:00,22.95,61.8
2024-02-19 13:00:00,23.76,57.5
2024-02-19 14:00:00,24.91,62.1
2024-02-19 15:00:00,24.71,60.0
2024-02-19 16:00:00,23.85,59.5
2024-02-19 17:00:00,23.4,59.5
2024-02-19 18:00:00,22.49,65.0
2024-02-19 19:00:00,21.24,63.0
2024-02-19 20:00:00,19.89,67.5
2024-02-19 21:00:00,18.57,72.1
2024-02-19 22:00:00,16.54,71.8
2024-02-19 23:00:00,15.59,76.9
2024-02-20 00:00:00,13.84,72.1
2024-02-20 01:00:00,11.85,81.0
2024-02-20 02:00:00,12.25,80.2
2024-02-20 03:00:00,11.73,85.0
2024-02-20 04:00:00,10.99,80.6
2024-02-20 05:00:00,12.15,81.4
2024-02-20 06:00:00,13.73,75.9
2024-02-20 07:00:00,14.67,71.8
2024-02-20 08:00:00,16.83,69.1
2024-02-20 09:00:00,18.26,67.5
2024-02-20 10:00:00,20.26,68.9
2024-02-20 11:00:00,21.34,62.6
2024-02-20 12:00:00,23.2,62.3
2024-02-20 13:00:00,23.87,63.9
2024-02-20 14:00:00,25.2,62.9
2024-02-20 15:00:00,24.01,63.8
2024-02-20 16:00:00,24.99,64.0
2024-02-20 17:00:00,24.84,56.3
2024-02-20 18:00:00,23.33,60.5
2024-02-20 19:00:00,21.51,65.7
2024-02-20 20:00:00,20.16,70.1
2024-02-20 21:00:00,17.52,72.2
2024-02-20 22:00:00,15.72,71.1
2024-02-20 23:00:00,14.31,75.0
2024-02-21 00:00:00,12.99,72.6
2024-02-21 01:00:00,12.55,80.6
2024-02-21 02:00:00,10.73,75.5
2024-02-21 03:00:00,11.63,80.2
2024-02-21 04:00:00,10.32,84.7
2024-02-21 05:00:00,11.49,82.5
2024-02-21 06:00:00,13.06,72.6
2024-02-21 07:00:00,15.22,74.8
2024-02-21 08:00:00,15.85,72.2
2024-02-21 09:00:00,16.74,71.0
2024-02-21 10:00:00,20.09,71.8
2024-02-21 11:00:00,21.51,65.6
2024-02-21 12:00:00,22.33,59.2
2024-02-21 13:00:00,23.46,58.6
2024-02-21 14:00:00,24.37,62.6
2024-02-21 15:00:00,25.09,60.0
2024-02-21 16:00:00,25.19,55.8
2024-02-21 17:00:00,23.2,57.2
2024-02-21 18:00:00,24.35,58.8
2024-02-21 19:00:00,21.5,63.4
2024-02-21 20:00:00,19.62,70.0
2024-02-21 21:00:00,18.43,67.5
2024-02-21 22:00:00,16.28,74.6
2024-02-21 23:00:00,15.93,76.7
2024-02-22 00:00:00,13.74,71.6
2024-02-22 01:00:00,11.74,77.6
2024-02-22 02:00:00,11.03,85.1
2024-02-22 03:00:00,10.73,79.5
2024-02-22 04:00:00,11.06,80.3
2024-02-22 05:00:00,12.37,81.3
2024-02-22 06:00:00,12.69,75.6
2024-02-22 07:00:00,15.49,72.5
2024-02-22 08:00:00,16.17,67.7
2024-02-22 09:00:00,17.94,71.7
2024-02-22 10:00:00,20.41,64.8
2024-02-22 11:00:00,20.34,65.3
2024-02-22 12:00:00,22.41,55.6
2024-02-22 13:00:00,24.45,63.1
2024-02-22 14:00:00,24.79,61.8
2024-02-22 15:00:00,25.02,57.0
2024-02-22 16:00:00,25.03,63.0
2024-02-22 17:00:00,23.73,53.9
2024-02-22 18:00:00,22.87,62.4
2024-02-22 19:00:00,20.71,60.7
2024-02-22 20:00:00,18.71,77.0
2024-02-22 21:00:00,18.78,60.8
2024-02-22 22:00:00,15.65,69.7
2024-02-22 23:00:00,14.1,73.4
2024-02-23 00:00:00,13.91,78.4
2024-02-23 01:00:00,12.6,80.4
2024-02-23 02:00:00,10.95,81.6
2024-02-23 03:00:00,10.71,80.0
2024-02-23 04:00:00,11.21,86.4
2024-02-23 05:00:00,11.39,77.6
2024-02-23 06:00:00,13.4,77.6
2024-02-23 07:00:00,14.61,80.1
2024-02-23 08:00:00,16.29,68.6
2024-02-23 09:00:00,18.48,66.6
2024-02-23 10:00:00,20.27,69.7
2024-02-23 11:00:00,22.63,64.2
2024-02-23 12:00:00,23.88,57.0
2024-02-23 13:00:00,23.06,62.3
2024-02-23 14:00:00,25.32,64.6
2024-02-23 15:00:00,24.35,59.5
2024-02-23 16:00:00,23.93,63.3
2024-02-23 17:00:00,24.51,60.4
2024-02-23 18:00:00,22.55,60.9
2024-02-23 19:00:00,21.33,69.6
2024-02-23 20:00:00,20.48,69.0
2024-02-23 21:00:00,17.63,73.9
2024-02-23 22:00:00,15.67,72.8
2024-02-23 23:00:00,14.72,75.0
2024-02-24 00:00:00,13.81,76.7
2024-02-24 01:00:00,12.28,79.7
2024-02-24 02:00:00,10.33,80.2
2024-02-24 03:00:00,10.63,79.3
2024-02-24 04:00:00,11.17,83.9
2024-02-24 05:00:00,13.12,73.8
2024-02-24 06:00:00,13.61,75.0
2024-02-24 07:00:00,15.03,73.1
2024-02-24 08:00:00,16.93,69.8
2024-02-24 09:00:00,17.84,66.3
2024-02-24 10:00:00,20.12,64.2
2024-02-24 11:00:00,21.82,66.4
2024-02-24 12:00:00,22.39,62.1
2024-02-24 13:00:00,24.08,58.4
2024-02-24 14:00:00,25.12,64.1
2024-02-24 15:00:00,24.38,56.2
2024-02-24 16:00:00,25.27,62.0
2024-02-24 17:00:00,24.54,61.0
2024-02-24 18:00:00,23.59,57.3
2024-02-24 19:00:00,21.06,63.9
2024-02-24 20:00:00,19.9,65.7
2024-02-24 21:00:00,18.89,72.3
2024-02-24 22:00:00,16.69,74.5
2024-02-24 23:00:00,14.05,74.8
2024-02-25 00:00:00,13.21,73.4
2024-02-25 01:00:00,12.81,72.4
2024-02-25 02:00:00,11.22,79.4
2024-02-25 03:00:00,11.25,75.6
2024-02-25 04:00:00,12.8,77.0
2024-02-25 05:00:00,11.94,78.2
2024-02-25 06:00:00,13.01,78.3
2024-02-25 07:00:00,13.92,78.9
2024-02-25 08:00:00,15.81,73.3
2024-02-25 09:00:00,18.91,69.8
2024-02-25 10:00:00,19.75,66.6
2024-02-25 11:00:00,20.81,68.6
2024-02-25 12:00:00,22.41,65.6
2024-02-25 13:00:00,24.09,65.4
2024-02-25 14:00:00,25.24,63.0
2024-02-25 15:00:00,24.57,57.7
2024-02-25 16:00:00,25.21,54.5
2024-02-25 17:00:00,23.79,63.0
2024-02-25 18:00:00,23.18,65.4
2024-02-25 19:00:00,21.83,62.0
2024-02-25 20:00:00,20.19,71.0
2024-02-25 21:00:00,17.76,70.4
2024-02-25 22:00:00,16.1,72.3
2024-02-25 23:00:00,14.82,75.6
2024-02-26 00:00:00,12.29,74.1
2024-02-26 01:00:00,12.05,73.7
2024-02-26 02:00:00,11.56,78.3
2024-02-26 03:00:00,11.64,75.7
2024-02-26 04:00:00,11.22,79.8
2024-02-26 05:00:00,11.83,78.9
2024-02-26 06:00:00,13.14,69.2
2024-02-26 07:00:00,14.07,73.1
2024-02-26 08:00:00,16.07,74.1
2024-02-26 09:00:00,18.25,62.3
2024-02-26 10:00:00,19.98,65.6
2024-02-26 11:00:00,20.88,61.2
2024-02-26 12:00:00,22.76,56.6
2024-02-26 13:00:00,22.8,65.8
2024-02-26 14:00:00,25.24,62.0
2024-02-26 15:00:00,24.68,58.3
2024-02-26 16:00:00,24.9,57.8
2024-02-26 17:00:00,23.4,65.7
2024-02-26 18:00:00,22.9,65.9
2024-02-26 19:00:00,21.76,63.9
2024-02-26 20:00:00,20.4,68.6
2024-02-26 21:00:00,17.18,71.1
2024-02-26 22:00:00,16.69,70.6
2024-02-26 23:00:00,14.39,76.9
2024-02-27 00:00:00,12.58,76.4
2024-02-27 01:00:00,12.22,80.0
2024-02-27 02:00:00,11.05,79.3
2024-02-27 03:00:00,10.81,79.0
2024-02-27 04:00:00,10.81,78.7
2024-02-27 05:00:00,12.06,79.9
2024-02-27 06:00:00,13.06,79.8
2024-02-27 07:00:00,14.39,76.3
2024-02-27 08:00:00,15.6,70.6
2024-02-27 09:00:00,17.68,71.9
2024-02-27 10:00:00,20.04,63.8
2024-02-27 11:00:00,22.26,59.8
2024-02-27 12:00:00,22.92,61.6
2024-02-27 13:00:00,24.9,61.7
2024-02-27 14:00:00,24.74,61.5
2024-02-27 15:00:00,24.33,61.8
2024-02-27 16:00:00,25.13,63.0
2024-02-27 17:00:00,23.47,64.0
2024-02-27 18:00:00,23.18,60.8
2024-02-27 19:00:00,22.13,65.8
2024-02-27 20:00:00,19.62,66.4
2024-02-27 21:00:00,17.94,70.9
2024-02-27 22:00:00,17.66,71.9
2024-02-27 23:00:00,14.63,74.5
2024-02-28 00:00:00,13.2,72.4
2024-02-28 01:00:00,12.39,77.7
2024-02-28 02:00:00,11.17,79.0
2024-02-28 03:00:00,10.94,80.0
2024-02-28 04:00:00,11.46,78.3
2024-02-28 05:00:00,10.49,77.6
2024-02-28 06:00:00,13.89,71.1
2024-02-28 07:00:00,13.85,77.9
2024-02-28 08:00:00,15.53,75.8
2024-02-28 09:00:00,18.31,70.4
2024-02-28 10:00:00,19.82,66.9
2024-02-28 11:00:00,20.74,71.5
2024-02-28 12:00:00,23.07,64.2
2024-02-28 13:00:00,23.37,61.8
2024-02-28 14:00:00,24.33,62.7
2024-02-28 15:00:00,24.09,60.4
2024-02-28 16:00:00,24.26,62.5
2024-02-28 17:00:00,24.29,61.2
2024-02-28 18:00:00,23.01,63.9
2024-02-28 19:00:00,21.67,64.5
2024-02-28 20:00:00,20.35,64.9
2024-02-28 21:00:00,17.96,71.4
2024-02-28 22:00:00,15.78,76.5
2024-02-28 23:00:00,14.32,72.6
2024-02-29 00:00:00,14.03,74.2
2024-02-29 01:00:00,11.95,75.7
2024-02-29 02:00:00,11.42,82.3
2024-02-29 03:00:00,10.93,79.8
2024-02-29 04:00:00,11.37,82.4
2024-02-29 05:00:00,12.19,76.2
2024-02-29 06:00:00,13.03,79.8
2024-02-29 07:00:00,14.4,73.6
2024-02-29 08:00:00,15.71,71.9
2024-02-29 09:00:00,17.48,72.2
2024-02-29 10:00:00,20.04,65.6
2024-02-29 11:00:00,21.94,62.2
2024-02-29 12:00:00,23.49,64.3
2024-02-29 13:00:00,24.08,60.5
2024-02-29 14:00:00,24.26,64.2
2024-02-29 15:00:00,25.37,66.4
2024-02-29 16:00:00,25.12,57.5
2024-02-29 17:00:00,23.15,61.1
2024-02-29 18:00:00,23.42,57.2
2024-02-29 19:00:00,21.84,60.6
2024-02-29 20:00:00,20.8,67.5
2024-02-29 21:00:00,17.31,71.8
2024-02-29 22:00:00,15.41,74.6
2024-02-29 23:00:00,14.96,75.8
2024-03-01 00:00:00,11.96,76.4
2024-03-01 01:00:00,11.49,74.6
2024-03-01 02:00:00,10.57,84.2
2024-03-01 03:00:00,10.38,82.0
2024-03-01 04:00:00,10.09,85.1
2024-03-01 05:00:00,11.79,79.1
2024-03-01 06:00:00,13.62,78.7
2024-03-01 07:00:00,14.76,73.2
2024-03-01 08:00:00,16.45,72.2
2024-03-01 09:00:00,17.78,69.7
2024-03-01 10:00:00,20.67,67.0
2024-03-01 11:00:00,21.81,68.3
2024-03-01 12:00:00,23.57,63.5
2024-03-01 13:00:00,23.13,53.6
2024-03-01 14:00:00,24.96,59.2
2024-03-01 15:00:00,24.31,60.5
2024-03-01 16:00:00,24.96,61.8
2024-03-01 17:00:00,24.18,61.1
2024-03-01 18:00:00,22.27,61.4
2024-03-01 19:00:00,21.6,62.2
2024-03-01 20:00:00,20.5,65.2
2024-03-01 21:00:00,18.3,67.4
2024-03-01 22:00:00,16.54,76.3
2024-03-01 23:00:00,13.98,77.7
2024-03-02 00:00:00,12.64,78.1
2024-03-02 01:00:00,11.27,82.9
2024-03-02 02:00:00,11.32,86.3
2024-03-02 03:00:00,11.71,78.7
2024-03-02 04:00:00,11.5,79.6
2024-03-02 05:00:00,11.94,78.1
2024-03-02 06:00:00,12.38,74.7
2024-03-02 07:00:00,14.77,72.9
2024-03-02 08:00:00,16.05,70.1
2024-03-02 09:00:00,16.86,73.1
2024-03-02 10:00:00,18.78,70.1
2024-03-02 11:00:00,21.3,67.6
2024-03-02 12:00:00,22.42,61.0
2024-03-02 13:00:00,25.05,62.3
2024-03-02 14:00:00,24.78,56.9
2024-03-02 15:00:00,24.38,59.8
2024-03-02 16:00:00,24.47,64.1
2024-03-02 17:00:00,25.02,63.1
2024-03-02 18:00:00,22.38,66.6
2024-03-02 19:00:00,21.96,70.3
2024-03-02 20:00:00,20.08,69.9
2024-03-02 21:00:00,18.88,67.9
2024-03-02 22:00:00,16.51,71.6
2024-03-02 23:00:00,14.26,73.3
2024-03-03 00:00:00,13.37,77.6
2024-03-03 01:00:00,11.98,76.8
2024-03-03 02:00:00,11.82,77.4
2024-03-03 03:00:00,10.97,77.6
2024-03-03 04:00:00,12.42,73.3
2024-03-03 05:00:00,11.88,86.5
2024-03-03 06:00:00,13.32,79.6
2024-03-03 07:00:00,14.11,69.7
2024-03-03 08:00:00,16.27,73.9
2024-03-03 09:00:00,18.02,68.3
2024-03-03 10:00:00,19.92,60.8
2024-03-03 11:00:00,22.04,63.3
2024-03-03 12:00:00,22.64,63.7
2024-03-03 13:00:00,23.56,63.4
2024-03-03 14:00:00,25.43,62.1
2024-03-03 15:00:00,24.84,57.2
2024-03-03 16:00:00,24.37,60.3
2024-03-03 17:00:00,24.76,61.8
2024-03-03 18:00:00,23.42,63.5
2024-03-03 19:00:00,19.93,68.3
2024-03-03 20:00:00,19.59,67.9
2024-03-03 21:00:00,18.48,72.9
2024-03-03 22:00:00,16.7,68.2
2024-03-03 23:00:00,14.2,71.3
2024-03-04 00:00:00,13.99,81.2
2024-03-04 01:00:00,11.48,81.1
2024-03-04 02:00:00,11.11,83.7
2024-03-04 03:00:00,11.09,81.1
2024-03-04 04:00:00,11.25,79.1
2024-03-04 05:00:00,12.43,77.0
2024-03-04 06:00:00,13.67,76.9
2024-03-04 07:00:00,14.49,73.9
2024-03-04 08:00:00,17.04,71.3
2024-03-04 09:00:00,17.6,70.4
2024-03-04 10:00:00,19.7,69.9
2024-03-04 11:00:00,22.54,65.6
2024-03-04 12:00:00,23.02,67.3
2024-03-04 13:00:00,24.71,57.9
2024-03-04 14:00:00,24.52,60.2
2024-03-04 15:00:00,24.86,62.7
2024-03-04 16:00:00,24.71,61.1
2024-03-04 17:00:00,24.18,53.6
2024-03-04 18:00:00,22.76,64.1
2024-03-04 19:00:00,21.53,64.8
2024-03-04 20:00:00,20.23,65.4
2024-03-04 21:00:00,18.74,67.8
2024-03-04 22:00:00,16.27,70.6
2024-03-04 23:00:00,14.91,78.3
2024-03-05 00:00:00,13.61,78.8
2024-03-05 01:00:00,11.31,80.8
2024-03-05 02:00:00,10.32,85.0
2024-03-05 03:00:00,11.98,82.0
2024-03-05 04:00:00,12.05,76.7
2024-03-05 05:00:00,11.99,76.1
2024-03-05 06:00:00,13.28,74.3
2024-03-05 07:00:00,13.96,78.5
2024-03-05 08:00:00,15.38,74.1
2024-03-05 09:00:00,18.21,73.5
2024-03-05 10:00:00,18.94,70.4
2024-03-05 11:00:00,22.07,63.6
2024-03-05 12:00:00,22.56,59.7
2024-03-05 13:00:00,24.26,60.1
2024-03-05 14:00:00,25.94,65.0
2024-03-05 15:00:00,26.15,56.0
2024-03-05 16:00:00,24.62,57.9
2024-03-05 17:00:00,24.72,59.6
2024-03-05 18:00:00,22.35,67.8
2024-03-05 19:00:00,21.17,65.4
2024-03-05 20:00:00,20.05,64.0
2024-03-05 21:00:00,18.85,67.2
2024-03-05 22:00:00,15.86,73.1
2024-03-05 23:00:00,14.84,75.3
2024-03-06 00:00:00,13.13,80.6
2024-03-06 01:00:00,11.2,87.9
2024-03-06 02:00:00,11.18,84.6
2024-03-06 03:00:00,11.91,81.3
2024-03-06 04:00:00,11.2,80.4
2024-03-06 05:00:00,12.25,76.6
2024-03-06 06:00:00,13.56,78.7
2024-03-06 07:00:00,14.08,80.0
2024-03-06 08:00:00,16.94,74.3
2024-03-06 09:00:00,18.91,68.6
2024-03-06 10:00:00,20.78,68.1
2024-03-06 11:00:00,22.3,63.2
2024-03-06 12:00:00,22.69,62.8
2024-03-06 13:00:00,23.73,61.0
2024-03-06 14:00:00,24.31,61.1
2024-03-06 15:00:00,24.47,60.3
2024-03-06 16:00:00,24.3,63.8
2024-03-06 17:00:00,24.67,60.3
2024-03-06 18:00:00,23.84,61.2
2024-03-06 19:00:00,21.13,68.6
2024-03-06 20:00:00,20.31,68.8
2024-03-06 21:00:00,17.26,74.7
2024-03-06 22:00:00,16.01,71.0
2024-03-06 23:00:00,13.92,80.2
2024-03-07 00:00:00,12.09,79.1
2024-03-07 01:00:00,11.98,76.2
2024-03-07 02:00:00,11.3,79.8
2024-03-07 03:00:00,10.77,77.5
2024-03-07 04:00:00,10.94,77.9
2024-03-07 05:00:00,11.36,79.0
2024-03-07 06:00:00,12.98,80.5
2024-03-07 07:00:00,14.15,72.0
2024-03-07 08:00:00,16.34,73.5
2024-03-07 09:00:00,17.29,70.5
2024-03-07 10:00:00,19.96,71.8
2024-03-07 11:00:00,21.81,65.0
2024-03-07 12:00:00,23.7,63.4
2024-03-07 13:00:00,24.7,64.2
2024-03-07 14:00:00,24.88,56.6
2024-03-07 15:00:00,24.6,59.3
2024-03-07 16:00:00,23.67,57.3
2024-03-07 17:00:00,24.06,58.6
2024-03-07 18:00:00,23.8,62.4
2024-03-07 19:00:00,22.5,62.9
2024-03-07 20:00:00,18.29,70.9
2024-03-07 21:00:00,17.55,69.6
2024-03-07 22:00:00,15.98,71.1
2024-03-07 23:00:00,13.88,75.9
2024-03-08 00:00:00,13.17,74.8
2024-03-08 01:00:00,11.97,75.9
2024-03-08 02:00:00,10.93,76.0
2024-03-08 03:00:00,10.98,80.2
2024-03-08 04:00:00,10.29,82.9
2024-03-08 05:00:00,11.36,76.4
2024-03-08 06:00:00,12.52,76.8
2024-03-08 07:00:00,15.04,67.7
2024-03-08 08:00:00,15.22,70.6
2024-03-08 09:00:00,17.88,70.3
2024-03-08 10:00:00,20.28,62.7
2024-03-08 11:00:00,21.47,65.9
2024-03-08 12:00:00,23.44,60.5
2024-03-08 13:00:00,23.67,62.4
2024-03-08 14:00:00,25.03,57.7
2024-03-08 15:00:00,25.55,54.4
2024-03-08 16:00:00,26.1,57.6
2024-03-08 17:00:00,24.5,62.2
2024-03-08 18:00:00,23.81,59.6
2024-03-08 19:00:00,21.51,65.7
2024-03-08 20:00:00,19.88,64.9
2024-03-08 21:00:00,18.95,67.4
2024-03-08 22:00:00,16.54,75.6
2024-03-08 23:00:00,15.36,73.7
2024-03-09 00:00:00,13.48,73.9
2024-03-09 01:00:00,13.22,78.6
2024-03-09 02:00:00,12.68,77.9
2024-03-09 03:00:00,10.51,79.5
2024-03-09 04:00:00,12.36,80.3
2024-03-09 05:00:00,12.21,70.1
2024-03-09 06:00:00,13.35,78.5
2024-03-09 07:00:00,14.44,80.7
2024-03-09 08:00:00,16.63,72.7
2024-03-09 09:00:00,17.34,65.3
2024-03-09 10:00:00,19.39,71.7
2024-03-09 11:00:00,21.05,72.6
2024-03-09 12:00:00,23.14,63.8
2024-03-09 13:00:00,24.63,56.8
2024-03-09 14:00:00,25.22,57.1
2024-03-09 15:00:00,25.24,58.6
2024-03-09 16:00:00,24.42,60.8
2024-03-09 17:00:00,23.02,65.7
2024-03-09 18:00:00,23.21,63.7
2024-03-09 19:00:00,21.6,57.9
2024-03-09 20:00:00,20.04,65.9
2024-03-09 21:00:00,18.87,68.1
2024-03-09 22:00:00,16.1,78.1
2024-03-09 23:00:00,14.4,73.6
2024-03-10 00:00:00,11.68,75.3
2024-03-10 01:00:00,12.29,77.6
2024-03-10 02:00:00,11.23,80.8
2024-03-10 03:00:00,10.57,75.7
2024-03-10 04:00:00,11.49,82.8
2024-03-10 05:00:00,11.33,79.5
2024-03-10 06:00:00,12.74,80.2
2024-03-10 07:00:00,15.7,75.3
2024-03-10 08:00:00,16.66,73.5
2024-03-10 09:00:00,18.57,73.1
2024-03-10 10:00:00,20.28,71.3
2024-03-10 11:00:00,21.9,62.9
2024-03-10 12:00:00,23.08,62.1
2024-03-10 13:00:00,25.45,61.8
2024-03-10 14:00:00,24.73,60.3
2024-03-10 15:00:00,25.46,57.0
2024-03-10 16:00:00,24.65,60.2
2024-03-10 17:00:00,23.87,58.6
2024-03-10 18:00:00,21.5,63.2
2024-03-10 19:00:00,20.36,56.4
2024-03-10 20:00:00,20.75,66.2
2024-03-10 21:00:00,18.91,73.9
2024-03-10 22:00:00,15.94,75.1
2024-03-10 23:00:00,14.49,77.2
2024-03-11 00:00:00,13.43,77.3
2024-03-11 01:00:00,11.35,77.7
2024-03-11 02:00:00,12.31,79.9
2024-03-11 03:00:00,10.39,81.5
2024-03-11 04:00:00,10.82,80.3
2024-03-11 05:00:00,10.29,82.2
2024-03-11 06:00:00,13.97,74.4
2024-03-11 07:00:00,14.54,75.5
2024-03-11 08:00:00,17.17,73.1
2024-03-11 09:00:00,17.41,73.8
2024-03-11 10:00:00,20.02,67.4
2024-03-11 11:00:00,21.55,67.0
2024-03-11 12:00:00,23.08,62.9
2024-03-11 13:00:00,25.32,52.4
2024-03-11 14:00:00,26.13,52.1
2024-03-11 15:00:00,25.84,57.6
2024-03-11 16:00:00,24.53,56.9
2024-03-11 17:00:00,24.61,61.7
2024-03-11 18:00:00,23.77,57.5
2024-03-11 19:00:00,21.84,63.0
2024-03-11 20:00:00,55.16,12.6
2024-03-11 21:00:00,18.3,67.4
2024-03-11 22:00:00,15.65,71.8
2024-03-11 23:00:00,14.65,74.9
2024-03-12 00:00:00,14.02,76.2
2024-03-12 01:00:00,11.35,78.4
2024-03-12 02:00:00,11.29,80.5
2024-03-12 03:00:00,11.51,81.3
2024-03-12 04:00:00,10.43,80.8
2024-03-12 05:00:00,11.86,77.2
2024-03-12 06:00:00,12.04,76.9
2024-03-12 07:00:00,14.14,74.4
2024-03-12 08:00:00,15.35,72.4
2024-03-12 09:00:00,17.47,71.0
2024-03-12 10:00:00,19.52,75.6
2024-03-12 11:00:00,21.34,68.3
2024-03-12 12:00:00,22.83,62.9
2024-03-12 13:00:00,22.62,64.8
2024-03-12 14:00:00,25.72,60.2
2024-03-12 15:00:00,24.84,63.5
2024-03-12 16:00:00,24.11,65.0
2024-03-12 17:00:00,23.69,58.7
2024-03-12 18:00:00,23.14,68.9
2024-03-12 19:00:00,20.9,63.2
2024-03-12 20:00:00,19.56,68.0
2024-03-12 21:00:00,17.72,68.1
2024-03-12 22:00:00,16.51,67.3
2024-03-12 23:00:00,14.05,70.8
2024-03-13 00:00:00,13.32,82.9
2024-03-13 01:00:00,12.15,83.2
2024-03-13 02:00:00,11.15,77.5
2024-03-13 03:00:00,11.74,76.2
2024-03-13 04:00:00,11.25,84.6
2024-03-13 05:00:00,11.23,77.4
2024-03-13 06:00:00,13.23,78.6
2024-03-13 07:00:00,14.57,81.2
2024-03-13 08:00:00,16.16,75.1
2024-03-13 09:00:00,18.14,74.3
2024-03-13 10:00:00,21.22,65.9
2024-03-13 11:00:00,21.64,59.7
2024-03-13 12:00:00,23.22,59.9
2024-03-13 13:00:00,23.91,56.0
2024-03-13 14:00:00,25.55,59.7
2024-03-13 15:00:00,24.97,55.8
2024-03-13 16:00:00,24.28,61.0
2024-03-13 17:00:00,23.33,60.6
2024-03-13 18:00:00,23.27,60.1
2024-03-13 19:00:00,21.95,65.7
2024-03-13 20:00:00,18.86,67.4
2024-03-13 21:00:00,17.57,68.3
2024-03-13 22:00:00,16.57,75.1
2024-03-13 23:00:00,15.12,74.3
2024-03-14 00:00:00,12.26,74.3
2024-03-14 01:00:00,11.69,83.0
2024-03-14 02:00:00,11.74,75.3
2024-03-14 03:00:00,10.68,81.7
2024-03-14 04:00:00,10.97,82.1
2024-03-14 05:00:00,11.61,78.8
2024-03-14 06:00:00,12.27,76.2
2024-03-14 07:00:00,14.53,74.3
2024-03-14 08:00:00,16.37,71.4
2024-03-14 09:00:00,17.16,68.0
2024-03-14 10:00:00,19.87,69.7
2024-03-14 11:00:00,22.16,62.0
2024-03-14 12:00:00,23.07,60.3
2024-03-14 13:00:00,24.63,64.1
2024-03-14 14:00:00,24.43,58.2
2024-03-14 15:00:00,25.82,53.8
2024-03-14 16:00:00,24.29,60.4
2024-03-14 17:00:00,25.19,59.2
2024-03-14 18:00:00,22.68,63.1
2024-03-14 19:00:00,21.07,71.5
2024-03-14 20:00:00,19.27,66.4
2024-03-14 21:00:00,17.75,74.3
2024-03-14 22:00:00,15.89,75.8
2024-03-14 23:00:00,14.08,80.2
2024-03-15 00:00:00,12.85,77.5
2024-03-15 01:00:00,12.34,77.6
2024-03-15 02:00:00,11.77,78.8
2024-03-15 03:00:00,10.8,81.8
2024-03-15 04:00:00,11.98,81.9
2024-03-15 05:00:00,11.34,84.9
2024-03-15 06:00:00,12.43,73.2
2024-03-15 07:00:00,13.82,79.5
2024-03-15 08:00:00,16.55,73.4
2024-03-15 09:00:00,17.07,71.6
2024-03-15 10:00:00,18.97,65.6
2024-03-15 11:00:00,22.27,64.7
2024-03-15 12:00:00,23.98,55.8
2024-03-15 13:00:00,24.87,63.5
2024-03-15 14:00:00,23.86,58.5
2024-03-15 15:00:00,25.0,59.2
2024-03-15 16:00:00,25.26,58.7
2024-03-15 17:00:00,24.12,62.6
2024-03-15 18:00:00,21.98,60.2
2024-03-15 19:00:00,21.29,67.6
2024-03-15 20:00:00,18.79,70.1
2024-03-15 21:00:00,17.26,75.8
2024-03-15 22:00:00,17.48,71.8
2024-03-15 23:00:00,14.9,74.4
2024-03-16 00:00:00,12.17,73.2
2024-03-16 01:00:00,11.03,79.5
2024-03-16 02:00:00,11.51,84.7
2024-03-16 03:00:00,10.63,79.8
2024-03-16 04:00:00,11.58,78.3
2024-03-16 05:00:00,11.54,79.4
2024-03-16 06:00:00,12.92,80.2
2024-03-16 07:00:00,14.64,69.9
2024-03-16 08:00:00,15.56,79.1
2024-03-16 09:00:00,16.84,73.6
2024-03-16 10:00:00,19.09,70.6
2024-03-16 11:00:00,21.07,65.4
2024-03-16 12:00:00,22.82,68.7
2024-03-16 13:00:00,24.02,59.8
2024-03-16 14:00:00,24.71,62.4
2024-03-16 15:00:00,25.3,59.4
2024-03-16 16:00:00,24.22,57.0
2024-03-16 17:00:00,24.89,59.4
2024-03-16 18:00:00,24.14,63.0
2024-03-16 19:00:00,21.71,63.7
2024-03-16 20:00:00,19.92,66.0
2024-03-16 21:00:00,18.74,68.9
2024-03-16 22:00:00,16.57,69.7
2024-03-16 23:00:00,14.6,71.9
2024-03-17 00:00:00,12.94,77.9
2024-03-17 01:00:00,11.49,77.1
2024-03-17 02:00:00,10.53,83.0
2024-03-17 03:00:00,11.39,82.1
2024-03-17 04:00:00,11.94,83.0
2024-03-17 05:00:00,11.29,83.0
2024-03-17 06:00:00,13.0,76.8
2024-03-17 07:00:00,14.62,76.4
2024-03-17 08:00:00,15.92,69.8
2024-03-17 09:00:00,17.53,72.1
2024-03-17 10:00:00,19.57,66.3
2024-03-17 11:00:00,20.31,70.6
2024-03-17 12:00:00,22.9,60.7
2024-03-17 13:00:00,23.88,61.8
2024-03-17 14:00:00,26.02,55.8
2024-03-17 15:00:00,25.55,60.6
2024-03-17 16:00:00,24.54,62.2
2024-03-17 17:00:00,24.05,58.1
2024-03-17 18:00:00,23.97,66.9
2024-03-17 19:00:00,22.45,64.9
2024-03-17 20:00:00,19.91,63.0
2024-03-17 21:00:00,17.91,67.5
2024-03-17 22:00:00,15.31,68.7
2024-03-17 23:00:00,14.29,69.7
2024-03-18 00:00:00,12.94,77.3
2024-03-18 01:00:00,11.49,73.7
2024-03-18 02:00:00,12.27,79.8
2024-03-18 03:00:00,9.86,77.4
2024-03-18 04:00:00,11.15,79.2
2024-03-18 05:00:00,12.17,83.9
2024-03-18 06:00:00,13.3,76.1
2024-03-18 07:00:00,15.5,73.7
2024-03-18 08:00:00,15.34,77.7
2024-03-18 09:00:00,17.54,69.8
2024-03-18 10:00:00,19.86,68.9
2024-03-18 11:00:00,21.57,62.3
2024-03-18 12:00:00,22.71,61.9
2024-03-18 13:00:00,23.59,62.1
2024-03-18 14:00:00,25.39,59.0
2024-03-18 15:00:00,24.36,58.2
2024-03-18 16:00:00,24.41,61.1
2024-03-18 17:00:00,24.91,61.5
2024-03-18 18:00:00,23.98,63.0
2024-03-18 19:00:00,22.01,64.1
2024-03-18 20:00:00,19.28,65.3
2024-03-18 21:00:00,17.48,72.9
2024-03-18 22:00:00,15.64,76.1
2024-03-18 23:00:00,13.81,73.4
2024-03-19 00:00:00,12.79,71.0
2024-03-19 01:00:00,12.69,77.4
2024-03-19 02:00:00,11.36,83.0
2024-03-19 03:00:00,10.54,83.8
2024-03-19 04:00:00,10.76,77.4
2024-03-19 05:00:00,11.22,84.1
2024-03-19 06:00:00,13.76,73.7
2024-03-19 07:00:00,13.28,79.8
2024-03-19 08:00:00,16.34,71.2
2024-03-19 09:00:00,17.12,74.2
2024-03-19 10:00:00,19.16,69.7
2024-03-19 11:00:00,20.59,65.4
2024-03-19 12:00:00,23.51,63.8
2024-03-19 13:00:00,24.0,59.0
2024-03-19 14:00:00,26.39,56.3
2024-03-19 15:00:00,24.36,59.5
2024-03-19 16:00:00,24.09,58.3
2024-03-19 17:00:00,24.4,63.1
2024-03-19 18:00:00,23.27,64.8
2024-03-19 19:00:00,21.31,65.0
2024-03-19 20:00:00,18.58,66.2
2024-03-19 21:00:00,18.85,70.0
2024-03-19 22:00:00,16.51,73.0
2024-03-19 23:00:00,14.72,76.7
2024-03-20 00:00:00,12.67,77.9
2024-03-20 01:00:00,12.3,77.8
2024-03-20 02:00:00,10.88,84.7
2024-03-20 03:00:00,11.0,78.6
2024-03-20 04:00:00,,
2024-03-20 05:00:00,,
2024-03-20 06:00:00,,
2024-03-20 07:00:00,,
2024-03-20 08:00:00,,
2024-03-20 09:00:00,,
2024-03-20 10:00:00,19.77,65.4
2024-03-20 11:00:00,21.33,66.1
2024-03-20 12:00:00,23.49,60.5
2024-03-20 13:00:00,23.64,60.1
2024-03-20 14:00:00,25.01,53.9
2024-03-20 15:00:00,26.19,58.8
2024-03-20 16:00:00,24.97,61.2
2024-03-20 17:00:00,23.56,58.6
2024-03-20 18:00:00,22.2,61.8
2024-03-20 19:00:00,21.55,59.1
2024-03-20 20:00:00,19.04,67.1
2024-03-20 21:00:00,17.01,68.0
2024-03-20 22:00:00,15.7,74.3
2024-03-20 23:00:00,13.81,75.7
2024-03-21 00:00:00,13.54,78.2
2024-03-21 01:00:00,11.03,77.7
2024-03-21 02:00:00,12.15,73.4
2024-03-21 03:00:00,10.51,80.7
2024-03-21 04:00:00,11.27,78.0
2024-03-21 05:00:00,12.3,83.6
2024-03-21 06:00:00,13.15,77.7
2024-03-21 07:00:00,14.89,78.6
2024-03-21 08:00:00,15.56,74.9
2024-03-21 09:00:00,16.6,70.8
2024-03-21 10:00:00,19.65,62.7
2024-03-21 11:00:00,20.45,65.3
2024-03-21 12:00:00,22.56,64.7
2024-03-21 13:00:00,24.59,60.0
2024-03-21 14:00:00,24.6,60.8
2024-03-21 15:00:00,24.6,60.7
2024-03-21 16:00:00,24.04,56.7
2024-03-21 17:00:00,23.84,61.8
2024-03-21 18:00:00,22.8,60.1
2024-03-21 19:00:00,20.5,65.8
2024-03-21 20:00:00,19.94,70.8
2024-03-21 21:00:00,17.31,64.9
2024-03-21 22:00:00,16.27,71.5
2024-03-21 23:00:00,14.18,76.4
2024-03-22 00:00:00,13.6,79.5
2024-03-22 01:00:00,12.4,78.3
2024-03-22 02:00:00,11.2,77.5
2024-03-22 03:00:00,10.89,82.7
2024-03-22 04:00:00,11.45,81.2
2024-03-22 05:00:00,12.72,72.4
2024-03-22 06:00:00,13.64,76.4
2024-03-22 07:00:00,14.55,69.8
2024-03-22 08:00:00,16.34,64.4
2024-03-22 09:00:00,18.91,65.4
2024-03-22 10:00:00,18.79,65.8
2024-03-22 11:00:00,21.79,57.7
2024-03-22 12:00:00,22.38,68.7
2024-03-22 13:00:00,24.84,55.6
2024-03-22 14:00:00,24.44,61.2
2024-03-22 15:00:00,24.91,61.6
2024-03-22 16:00:00,24.08,67.1
2024-03-22 17:00:00,24.05,59.7
2024-03-22 18:00:00,23.4,66.5
2024-03-22 19:00:00,22.48,59.8
2024-03-22 20:00:00,19.03,68.2
2024-03-22 21:00:00,17.72,69.1
2024-03-22 22:00:00,18.52,66.2
2024-03-22 23:00:00,15.05,75.3
2024-03-23 00:00:00,13.03,83.0
2024-03-23 01:00:00,12.24,84.9
2024-03-23 02:00:00,9.63,84.5
2024-03-23 03:00:00,11.96,75.6
2024-03-23 04:00:00,11.33,77.5
2024-03-23 05:00:00,11.07,82.1
2024-03-23 06:00:00,13.75,78.0
2024-03-23 07:00:00,14.12,77.4
2024-03-23 08:00:00,15.57,72.8
2024-03-23 09:00:00,18.31,66.8
2024-03-23 10:00:00,20.05,68.2
2024-03-23 11:00:00,21.22,65.0
2024-03-23 12:00:00,22.9,66.8
2024-03-23 13:00:00,23.25,60.0
2024-03-23 14:00:00,23.89,63.7
2024-03-23 15:00:00,25.54,62.7
2024-03-23 16:00:00,25.55,64.5
2024-03-23 17:00:00,24.32,66.3
2024-03-23 18:00:00,23.17,59.1
2024-03-23 19:00:00,21.26,61.6
2024-03-23 20:00:00,19.73,67.8
2024-03-23 21:00:00,17.44,68.2
2024-03-23 22:00:00,17.24,64.0
2024-03-23 23:00:00,14.16,80.2
2024-03-24 00:00:00,13.3,78.5
2024-03-24 01:00:00,11.94,82.2
2024-03-24 02:00:00,10.4,82.0
2024-03-24 03:00:00,12.16,82.3
2024-03-24 04:00:00,11.01,81.3
2024-03-24 05:00:00,11.48,80.2
2024-03-24 06:00:00,13.12,83.1
2024-03-24 07:00:00,13.96,72.6
2024-03-24 08:00:00,16.21,74.3
2024-03-24 09:00:00,17.42,66.1
2024-03-24 10:00:00,20.15,71.3
2024-03-24 11:00:00,21.53,64.0
2024-03-24 12:00:00,22.13,60.2
2024-03-24 13:00:00,24.68,54.5
2024-03-24 14:00:00,24.88,59.0
2024-03-24 15:00:00,24.34,66.4
2024-03-24 16:00:00,24.98,61.0
2024-03-24 17:00:00,24.32,55.8
2024-03-24 18:00:00,24.07,54.8
2024-03-24 19:00:00,20.98,74.0
2024-03-24 20:00:00,20.33,64.8
2024-03-24 21:00:00,17.95,65.6
2024-03-24 22:00:00,16.56,72.5
2024-03-24 23:00:00,14.35,77.2
2024-03-25 00:00:00,13.02,82.2
2024-03-25 01:00:00,12.24,78.0
2024-03-25 02:00:00,10.53,79.0
2024-03-25 03:00:00,9.74,84.4
2024-03-25 04:00:00,11.24,77.7
2024-03-25 05:00:00,11.68,80.5
2024-03-25 06:00:00,13.11,77.8
2024-03-25 07:00:00,14.89,77.6
2024-03-25 08:00:00,16.07,70.7
2024-03-25 09:00:00,18.73,66.8
2024-03-25 10:00:00,19.8,68.1
2024-03-25 11:00:00,21.58,66.0
2024-03-25 12:00:00,23.46,57.3
2024-03-25 13:00:00,24.43,57.9
2024-03-25 14:00:00,24.72,60.4
2024-03-25 15:00:00,25.09,58.2
2024-03-25 16:00:00,24.32,67.3
2024-03-25 17:00:00,23.71,63.5
2024-03-25 18:00:00,23.03,66.2
2024-03-25 19:00:00,22.01,63.7
2024-03-25 20:00:00,19.57,67.8
2024-03-25 21:00:00,18.52,69.5
2024-03-25 22:00:00,17.38,74.1
2024-03-25 23:00:00,15.81,72.2
2024-03-26 00:00:00,13.09,82.1
2024-03-26 01:00:00,12.6,75.8
2024-03-26 02:00:00,11.63,82.5
2024-03-26 03:00:00,11.5,80.5
2024-03-26 04:00:00,11.77,78.2
2024-03-26 05:00:00,12.28,83.3
2024-03-26 06:00:00,13.58,79.5
2024-03-26 07:00:00,14.64,74.4
2024-03-26 08:00:00,16.06,70.5
2024-03-26 09:00:00,18.18,72.2
2024-03-26 10:00:00,20.14,64.3
2024-03-26 11:00:00,22.27,65.2
2024-03-26 12:00:00,23.21,59.4
2024-03-26 13:00:00,24.54,60.5
2024-03-26 14:00:00,25.65,55.9
2024-03-26 15:00:00,24.47,59.7
2024-03-26 16:00:00,24.64,65.0
2024-03-26 17:00:00,24.42,65.6
2024-03-26 18:00:00,23.0,61.0
2024-03-26 19:00:00,20.92,64.7
2024-03-26 20:00:00,20.44,61.2
2024-03-26 21:00:00,17.99,70.9
2024-03-26 22:00:00,15.62,76.9
2024-03-26 23:00:00,15.67,70.9
2024-03-27 00:00:00,12.31,75.7
2024-03-27 01:00:00,11.96,80.1
2024-03-27 02:00:00,10.87,78.9
2024-03-27 03:00:00,11.1,80.9
2024-03-27 04:00:00,11.61,84.2
2024-03-27 05:00:00,11.48,81.1
2024-03-27 06:00:00,13.02,79.5
2024-03-27 07:00:00,14.45,81.0
2024-03-27 08:00:00,15.61,74.3
2024-03-27 09:00:00,18.73,71.0
2024-03-27 10:00:00,19.94,67.3
2024-03-27 11:00:00,21.35,62.7
2024-03-27 12:00:00,22.58,68.0
2024-03-27 13:00:00,23.89,57.0
2024-03-27 14:00:00,24.87,59.9
2024-03-27 15:00:00,24.75,56.4
2024-03-27 16:00:00,25.54,56.2
2024-03-27 17:00:00,22.56,59.3
2024-03-27 18:00:00,21.69,63.7
2024-03-27 19:00:00,21.37,66.3
2024-03-27 20:00:00,18.73,72.8
2024-03-27 21:00:00,17.99,64.3
2024-03-27 22:00:00,15.82,73.9
2024-03-27 23:00:00,14.88,73.5
2024-03-28 00:00:00,13.33,75.1
2024-03-28 01:00:00,12.75,77.5
2024-03-28 02:00:00,11.82,79.9
2024-03-28 03:00:00,11.78,79.0
2024-03-28 04:00:00,11.58,79.6
2024-03-28 05:00:00,12.61,84.7
2024-03-28 06:00:00,13.38,77.2
2024-03-28 07:00:00,14.17,76.8
2024-03-28 08:00:00,15.46,70.4
2024-03-28 09:00:00,17.3,74.3
2024-03-28 10:00:00,20.13,65.2
2024-03-28 11:00:00,20.09,66.6
2024-03-28 12:00:00,23.08,60.1
2024-03-28 13:00:00,23.08,62.1
2024-03-28 14:00:00,23.08,59.6
2024-03-28 15:00:00,23.08,58.5
2024-03-28 16:00:00,23.08,58.2
2024-03-28 17:00:00,23.08,61.2
2024-03-28 18:00:00,23.08,62.4
2024-03-28 19:00:00,23.08,64.5
2024-03-28 20:00:00,23.08,67.4
2024-03-28 21:00:00,23.08,68.0
2024-03-28 22:00:00,23.08,60.5
2024-03-28 23:00:00,23.08,60.3
2024-03-29 00:00:00,13.18,79.5
2024-03-29 01:00:00,11.11,77.7
2024-03-29 02:00:00,11.63,83.0
2024-03-29 03:00:00,11.38,83.1
2024-03-29 04:00:00,11.26,77.3
2024-03-29 05:00:00,11.38,82.2
2024-03-29 06:00:00,13.54,81.1
2024-03-29 07:00:00,15.28,75.5
2024-03-29 08:00:00,16.46,71.5
2024-03-29 09:00:00,18.63,68.6
2024-03-29 10:00:00,19.49,69.3
2024-03-29 11:00:00,21.63,62.5
2024-03-29 12:00:00,23.21,63.3
2024-03-29 13:00:00,24.19,60.1
2024-03-29 14:00:00,26.49,55.2
2024-03-29 15:00:00,25.29,56.3
2024-03-29 16:00:00,24.47,62.1
2024-03-29 17:00:00,24.6,57.5
2024-03-29 18:00:00,22.34,64.3
2024-03-29 19:00:00,21.77,59.0
2024-03-29 20:00:00,20.32,66.1
2024-03-29 21:00:00,17.75,70.8
2024-03-29 22:00:00,16.05,74.1
2024-03-29 23:00:00,13.99,79.0
2024-03-30 00:00:00,13.18,78.9
2024-03-30 01:00:00,11.58,81.4
2024-03-30 02:00:00,12.33,77.8
2024-03-30 03:00:00,11.44,76.9
2024-03-30 04:00:00,11.16,76.9
2024-03-30 05:00:00,11.14,78.1
2024-03-30 06:00:00,14.33,76.4
2024-03-30 07:00:00,15.34,77.1
2024-03-30 08:00:00,16.53,73.4
2024-03-30 09:00:00,18.18,70.5
2024-03-30 10:00:00,19.98,69.4
2024-03-30 11:00:00,21.28,64.2
2024-03-30 12:00:00,24.14,61.5
2024-03-30 13:00:00,24.25,60.4
2024-03-30 14:00:00,23.96,61.8
2024-03-30 15:00:00,24.67,59.5
2024-03-30 16:00:00,23.27,58.4
2024-03-30 17:00:00,24.52,59.2
2024-03-30 18:00:00,23.47,59.5
2024-03-30 19:00:00,22.63,68.3
2024-03-30 20:00:00,21.13,69.7
2024-03-30 21:00:00,17.59,68.9
2024-03-30 22:00:00,16.52,69.8
2024-03-30 23:00:00,15.16,74.4
2024-03-31 00:00:00,13.59,72.3
2024-03-31 01:00:00,11.69,83.3
2024-03-31 02:00:00,11.78,79.3
2024-03-31 03:00:00,11.36,78.7
2024-03-31 04:00:00,12.12,82.0
2024-03-31 05:00:00,11.98,82.9
2024-03-31 06:00:00,12.97,78.1
2024-03-31 07:00:00,14.25,78.7
2024-03-31 08:00:00,16.02,68.1
2024-03-31 09:00:00,17.6,68.4
2024-03-31 10:00:00,19.66,65.1
2024-03-31 11:00:00,21.86,59.4
2024-03-31 12:00:00,23.28,64.7
2024-03-31 13:00:00,24.91,66.8
2024-03-31 14:00:00,25.47,54.9
2024-03-31 15:00:00,25.43,57.2
2024-03-31 16:00:00,24.12,64.0
2024-03-31 17:00:00,24.45,59.5
2024-03-31 18:00:00,23.7,61.4
2024-03-31 19:00:00,20.76,63.5
2024-03-31 20:00:00,19.19,69.2
2024-03-31 21:00:00,17.47,67.9
2024-03-31 22:00:00,15.61,75.8
2024-03-31 23:00:00,14.37,77.0
2024-04-01 00:00:00,12.53,79.3
2024-04-01 01:00:00,12.21,76.4
2024-04-01 02:00:00,10.55,80.5
2024-04-01 03:00:00,10.96,82.0
2024-04-01 04:00:00,10.98,77.9
2024-04-01 05:00:00,11.39,77.0
2024-04-01 06:00:00,13.71,69.7
2024-04-01 07:00:00,14.55,73.6
2024-04-01 08:00:00,16.55,71.7
2024-04-01 09:00:00,17.83,73.1
2024-04-01 10:00:00,20.27,63.0
2024-04-01 11:00:00,21.9,59.8
2024-04-01 12:00:00,22.89,66.2
2024-04-01 13:00:00,23.03,65.7
2024-04-01 14:00:00,25.29,55.7
2024-04-01 15:00:00,25.45,57.3
2024-04-01 16:00:00,24.9,54.2
2024-04-01 17:00:00,24.24,60.4
2024-04-01 18:00:00,23.06,66.2
2024-04-01 19:00:00,21.65,66.8
2024-04-01 20:00:00,19.24,65.0
2024-04-01 21:00:00,18.0,70.8
2024-04-01 22:00:00,16.41,70.2
2024-04-01 23:00:00,14.17,76.7
2024-04-02 00:00:00,12.5,76.6
2024-04-02 01:00:00,13.09,79.2
2024-04-02 02:00:00,11.64,83.3
2024-04-02 03:00:00,10.85,81.7
2024-04-02 04:00:00,10.98,81.6
2024-04-02 05:00:00,10.39,82.6
2024-04-02 06:00:00,12.23,81.3
2024-04-02 07:00:00,14.39,74.2
2024-04-02 08:00:00,17.0,71.0
2024-04-02 09:00:00,16.8,71.4
2024-04-02 10:00:00,19.43,71.8
2024-04-02 11:00:00,22.68,63.5
2024-04-02 12:00:00,23.39,63.6
2024-04-02 13:00:00,24.35,59.4
2024-04-02 14:00:00,25.51,54.7
2024-04-02 15:00:00,24.96,58.7
2024-04-02 16:00:00,24.69,61.4
2024-04-02 17:00:00,24.53,59.3
2024-04-02 18:00:00,23.5,60.1
2024-04-02 19:00:00,20.9,64.6
2024-04-02 20:00:00,20.76,67.4
2024-04-02 21:00:00,16.99,72.8
2024-04-02 22:00:00,15.81,73.3
2024-04-02 23:00:00,16.38,69.7
2024-04-03 00:00:00,12.78,75.8
2024-04-03 01:00:00,12.37,89.2
2024-04-03 02:00:00,10.67,80.5
2024-04-03 03:00:00,10.84,82.6
2024-04-03 04:00:00,10.84,81.7
2024-04-03 05:00:00,11.74,75.3
2024-04-03 06:00:00,13.48,80.7
2024-04-03 07:00:00,15.59,73.9
2024-04-03 08:00:00,16.75,69.2
2024-04-03 09:00:00,18.97,70.8
2024-04-03 10:00:00,19.55,66.0
2024-04-03 11:00:00,22.42,64.3
2024-04-03 12:00:00,23.33,58.1
2024-04-03 13:00:00,24.92,59.1
2024-04-03 14:00:00,24.55,62.2
2024-04-03 15:00:00,24.9,58.2
2024-04-03 16:00:00,25.62,54.4
2024-04-03 17:00:00,24.46,57.9
2024-04-03 18:00:00,23.05,64.4
2024-04-03 19:00:00,21.12,60.6
2024-04-03 20:00:00,19.79,63.2
2024-04-03 21:00:00,18.32,71.8
2024-04-03 22:00:00,16.65,72.3
2024-04-03 23:00:00,14.2,75.5
2024-04-04 00:00:00,12.88,76.3
2024-04-04 01:00:00,12.22,79.8
2024-04-04 02:00:00,10.6,83.5
2024-04-04 03:00:00,11.59,80.9
2024-04-04 04:00:00,11.26,74.9
2024-04-04 05:00:00,11.88,81.0
2024-04-04 06:00:00,11.62,74.7
2024-04-04 07:00:00,13.56,81.7
2024-04-04 08:00:00,15.58,72.3
2024-04-04 09:00:00,17.66,72.3
2024-04-04 10:00:00,19.16,69.2
2024-04-04 11:00:00,21.73,62.5
2024-04-04 12:00:00,23.03,66.0
2024-04-04 13:00:00,23.9,61.8
2024-04-04 14:00:00,23.54,68.0
2024-04-04 15:00:00,25.84,60.2
2024-04-04 16:00:00,24.59,61.1
2024-04-04 17:00:00,24.42,67.9
2024-04-04 18:00:00,22.55,67.4
2024-04-04 19:00:00,21.5,64.9
2024-04-04 20:00:00,20.23,64.4
2024-04-04 21:00:00,18.14,75.6
2024-04-04 22:00:00,16.76,75.6
2024-04-04 23:00:00,14.39,79.2
2024-04-05 00:00:00,14.24,74.8
2024-04-05 01:00:00,10.8,79.1
2024-04-05 02:00:00,10.9,78.1
2024-04-05 03:00:00,11.58,83.1
2024-04-05 04:00:00,11.08,80.0
2024-04-05 05:00:00,11.67,81.6
2024-04-05 06:00:00,11.98,72.7
2024-04-05 07:00:00,15.21,77.4
2024-04-05 08:00:00,15.04,72.4
2024-04-05 09:00:00,18.3,61.6
2024-04-05 10:00:00,19.92,63.4
2024-04-05 11:00:00,22.02,65.3
2024-04-05 12:00:00,23.82,65.9
2024-04-05 13:00:00,23.63,53.4
2024-04-05 14:00:00,24.27,56.6
2024-04-05 15:00:00,24.8,60.2
2024-04-05 16:00:00,23.72,56.8
2024-04-05 17:00:00,24.54,58.9
2024-04-05 18:00:00,22.7,59.9
2024-04-05 19:00:00,21.58,64.9
2024-04-05 20:00:00,19.12,63.9
2024-04-05 21:00:00,18.43,68.3
2024-04-05 22:00:00,16.67,69.4
2024-04-05 23:00:00,15.74,73.7
2024-04-06 00:00:00,14.12,75.5
2024-04-06 01:00:00,14.71,77.9
2024-04-06 02:00:00,13.44,77.5
2024-04-06 03:00:00,12.49,83.5
2024-04-06 04:00:00,15.08,69.5
2024-04-06 05:00:00,15.65,72.7
2024-04-06 06:00:00,16.85,74.0
2024-04-06 07:00:00,20.76,66.1
2024-04-06 08:00:00,21.35,57.0
2024-04-06 09:00:00,22.82,63.7
2024-04-06 10:00:00,25.51,57.2
2024-04-06 11:00:00,28.22,62.0
2024-04-06 12:00:00,29.75,52.0
2024-04-06 13:00:00,32.17,50.7
2024-04-06 14:00:00,33.2,44.3
2024-04-06 15:00:00,32.76,49.9
2024-04-06 16:00:00,33.45,38.4
2024-04-06 17:00:00,33.55,43.6
2024-04-06 18:00:00,32.24,47.5
2024-04-06 19:00:00,31.2,45.4
2024-04-06 20:00:00,20.31,69.4
2024-04-06 21:00:00,18.25,69.7
2024-04-06 22:00:00,15.32,79.0
2024-04-06 23:00:00,14.15,71.5
2024-04-07 00:00:00,12.78,75.3
2024-04-07 01:00:00,11.84,81.2
2024-04-07 02:00:00,10.78,79.3
2024-04-07 03:00:00,11.78,81.8
2024-04-07 04:00:00,10.63,83.0
2024-04-07 05:00:00,11.26,77.9
2024-04-07 06:00:00,13.15,77.6
2024-04-07 07:00:00,13.12,78.9
2024-04-07 08:00:00,15.54,74.4
2024-04-07 09:00:00,18.35,68.9
2024-04-07 10:00:00,18.99,67.1
2024-04-07 11:00:00,20.97,64.9
2024-04-07 12:00:00,23.58,64.6
2024-04-07 13:00:00,24.31,66.8
2024-04-07 14:00:00,24.77,55.6
2024-04-07 15:00:00,25.12,56.3
2024-04-07 16:00:00,24.33,60.0
2024-04-07 17:00:00,24.23,65.1
2024-04-07 18:00:00,22.81,60.2
2024-04-07 19:00:00,22.98,69.6
2024-04-07 20:00:00,20.12,73.8
2024-04-07 21:00:00,17.78,63.2
2024-04-07 22:00:00,16.14,74.9
2024-04-07 23:00:00,14.51,77.1
2024-04-08 00:00:00,12.21,77.5
2024-04-08 01:00:00,11.43,74.3
2024-04-08 02:00:00,12.14,79.7
2024-04-08 03:00:00,10.14,80.7
2024-04-08 04:00:00,10.87,84.3
2024-04-08 05:00:00,12.54,80.0
2024-04-08 06:00:00,13.94,73.4
2024-04-08 07:00:00,13.87,82.2
2024-04-08 08:00:00,17.05,77.1
2024-04-08 09:00:00,17.77,75.0
2024-04-08 10:00:00,20.79,66.2
2024-04-08 11:00:00,21.79,67.3
2024-04-08 12:00:00,22.77,63.3
2024-04-08 13:00:00,24.49,58.8
2024-04-08 14:00:00,25.09,53.9
2024-04-08 15:00:00,24.53,61.2
2024-04-08 16:00:00,26.04,52.1
2024-04-08 17:00:00,23.85,63.6
2024-04-08 18:00:00,23.63,57.6
2024-04-08 19:00:00,21.2,66.1
2024-04-08 20:00:00,18.71,68.3
2024-04-08 21:00:00,17.32,67.8
2024-04-08 22:00:00,16.12,69.9
2024-04-08 23:00:00,14.9,73.1
2024-04-09 00:00:00,14.1,80.6
2024-04-09 01:00:00,11.98,80.4
2024-04-09 02:00:00,11.06,79.8
2024-04-09 03:00:00,10.25,84.3
2024-04-09 04:00:00,11.2,76.8
2024-04-09 05:00:00,12.11,74.4
2024-04-09 06:00:00,11.71,76.9
2024-04-09 07:00:00,15.27,77.4
2024-04-09 08:00:00,16.86,70.9
2024-04-09 09:00:00,19.36,68.4
2024-04-09 10:00:00,19.26,68.6
2024-04-09 11:00:00,21.51,63.5
2024-04-09 12:00:00,22.95,66.4
2024-04-09 13:00:00,23.26,64.4
2024-04-09 14:00:00,24.24,58.1
2024-04-09 15:00:00,24.4,57.3
2024-04-09 16:00:00,25.06,59.3
2024-04-09 17:00:00,24.31,57.8
2024-04-09 18:00:00,23.75,61.4
2024-04-09 19:00:00,21.25,67.4
2024-04-09 20:00:00,18.96,68.7
2024-04-09 21:00:00,18.25,70.2
2024-04-09 22:00:00,16.4,70.9
2024-04-09 23:00:00,14.89,72.2
